propertyCode,thumbnail,externalReference,numPhotos,floor,price,propertyType,operation,size,exterior,rooms,bathrooms,address,province,municipality,district,country,neighborhood,latitude,longitude,showAddress,url,description,hasVideo,status,newDevelopment,hasLift,priceByArea,hasPlan,has3DTour,has360,hasStaging,notes,topNewDevelopment,topPlus,priceInfo.price.amount,priceInfo.price.currencySuffix,detailedType.typology,suggestedTexts.subtitle,suggestedTexts.title,parkingSpace.hasParkingSpace,parkingSpace.isParkingSpaceIncludedInPrice,detailedType.subTypology,priceInfo.price.priceDropInfo.formerPrice,priceInfo.price.priceDropInfo.priceDropValue,priceInfo.price.priceDropInfo.priceDropPercentage,highlight.groupDescription
109149866,https://img4.idealista.com/blur/480_360_mq/0/id.pro.es.image.master/a8/02/15/1365751573.webp,QUIN1200028,32,bj,450000.0,flat,sale,358.0,True,5,4,calle de San Fidel,Madrid,Madrid,Ciudad Lineal,es,Pueblo Nuevo,40.4295699,-3.6391892,False,https://www.idealista.com/inmueble/109149866/,"VOhome Quintana, vende piso de dos plantas, ideal para inversores, de 358 m2, totalmente reformado en calle San Fidel, zona de Pueblo Nuevo, distrito de Ciudad Lineal. Piso con techos altos, amplias estancias, muy luminoso, con oritentación oeste, distribuido de la siguiente forma: Primera planta de 130 m2, recibidor, amplio salón junto a cocina independiente acristalada, totalmente amueblada y equipada, dos dormitorios y dos baños completos con plato de ducha. Segunda planta - sótano de 228m2, tres amplios dormitorios, gran sala de estar, espacioso cuarto lavadero, dos baños completos uno con bañera y otro con plato de ducha. Trastero de gran tamaño. Dispone de calefacción individual de gas natural, suelo de tarima, pintura lisa, ventanas climalit y puerta exterior blindada. Excelente ubicación en Pueblo nuevo, zona muy comercial, con todos los servicios cerca, muy buena combinación de transporte, tanto de metro como de autobuses. ""Te financiamos tu vivienda hasta el 100% del valor de compraventa. Tipo de interés fijo: desde 2.29 % Tipo de interés variable: desde Er+0.50 % Para más información, llamar al teléfono gratuito "" Contacto Oficina calle Alcalá 339, Plaza Quintana frente a Docamar Tlno. fijo / móvil /.",False,good,False,False,1257.0,False,False,False,False,[],False,False,450000.0,€,flat,"Pueblo Nuevo, Madrid",Piso en calle de San Fidel,,,,,,,
108891645,https://img4.idealista.com/blur/480_360_mq/0/id.pro.es.image.master/f0/49/f2/1358107122.webp,28_23,32,,349900.0,chalet,sale,643.0,,5,2,calle de la Alcuceria,Madrid,Chinchón,,es,,40.1396851,-3.418203,False,https://www.idealista.com/inmueble/108891645/,"Si llevas un tiempo buscando casa por Chinchón y ya estás a punto de rendirte después de ver casas que son o ruinas o mansiones imposibles, espera un momento. Respira. Que esta puede que no sea perfecta, pero sí tiene algo que las demás no: posibilidades de verdad.   Y no hablamos de las típicas “posibilidades” que te sueltan para justificar que hay que rehacer medio tejado y medio sueldo. Hablamos de espacio real, de metros útiles, de huecos con historia, y de algo que no muchas pueden ofrecer: una cueva. Sí, una cueva. Natural, fresquita y con mil vidas posibles. Bodega, trastero, refugio secreto, cuarto de quesos o de vinos… tú decides. La casa tiene dos plantas más esa planta “extra” que es pura personalidad. En total, cinco habitaciones, dos baños, un salón amplio donde cabe toda la familia sin apretarse y una cocina independiente que mezcla tradición y comodidad: cocina de leña para los domingos lentos y vitro para el día a día sin complicaciones. Además, tiene una nave que puedes usar como cochera, como taller, como almacén de bicis o de sueños a medio montar. Y todo esto dentro de una parcela de 800 m², donde da gusto respirar y planear lo que quieras hacer con el espacio exterior. ¿Está lista para entrar a vivir? Sí. Puedes instalarte desde el primer día y, si quieres, ir haciendo mejoras poco a poco, a tu ritmo y a tu gusto. Porque lo bueno de esta casa es que tiene lo esencial para empezar y margen más que de sobra para adaptarla a ti. Sin prisas, sin obras eternas, sin dramas. Está en una zona tranquila de Chinchón, bien conectada, con vecinos cerca, sí, pero sin agobios. Aquí puedes tener tu espacio sin sentirte en medio del campo ni en una urbanización fantasma. ¿Te preocupa el tema de la hipoteca? Si bien el año pasado fue complicado en términos de adquisición de viviendas, este año las entidades bancarias están siendo más flexibles en cuanto a la aprobación de hipotecas, ofreciendo mejores tasas de interés. ¿Necesitas financiación? ¡Estamos aquí para ayudarte! Contamos con un equipo financiero dedicado exclusivamente a evaluar la viabilidad del préstamo. Si deseas visitar la propiedad, no dudes en llamarnos ahora mismo. Estaremos encantados de resolver cualquier pregunta que tengas.",True,good,False,,544.0,True,False,False,False,[],False,False,349900.0,€,chalet,Chinchón,Chalet adosado en calle de la Alcuceria,True,True,terracedHouse,,,,
108667824,https://img4.idealista.com/blur/480_360_mq/0/id.pro.es.image.master/c3/87/74/1366110075.webp,APISR428,28,,219900.0,chalet,sale,140.0,,2,2,calle Romeral,Madrid,Corpa,,es,,40.4278331,-3.2632555,False,https://www.idealista.com/inmueble/108667824/,"Tu asesor personal inmobiliario, API San Román vende chalet en calle Romeral de Corpa. Te presentamos esta estupenda vivienda situada en la calle Romeral de Corpa, una localidad tranquila y rodeada de naturaleza, ideal para quienes buscan calidad de vida a tan solo unos minutos de municipios más grandes como Alcalá de Henares o Torrejón de Ardoz. La casa, con una superficie construida de 139 m², se distribuye en dos plantas bien aprovechadas y muy luminosas gracias a su doble orientación este-oeste, lo que permite disfrutar de luz natural durante todo el día. Al acceder a la vivienda nos encontramos con un agradable patio delantero, perfecto para colocar una mesa, unas plantas, unas barbacoa o simplemente disfrutar del aire libre. Desde aquí accedemos al interior, donde nos recibe un luminoso salón-comedor, muy cómodo y funcional, con aire acondicionado y bomba de calor para garantizar el confort en cualquier época del año. La cocina está completamente amueblada y equipada, lista para ser usada desde el primer día. La vivienda dispone de dos cuartos de baño completos, uno de ellos ubicado dentro del dormitorio principal en suite, ofreciendo así un espacio privado y cómodo. Los dos dormitorios son espaciosos, con ventanas abalconadas y con climatización por aire acondicionado con bomba de frío y calor, perfectos para garantizar el descanso en cualquier estación. Además, en la planta superior, encontramos una buhardilla muy versátil que puede adaptarse como tercer dormitorio, despacho, sala de juegos o zona de ocio. En esta misma planta cuenta también con un trastero, muy útil como zona de almacenamiento extra. En cuanto a las calidades, la vivienda cuenta con ventanas de aluminio con climalit y rotura de puente térmico, lo que mejora notablemente el aislamiento térmico y acústico. Los suelos de gres imitación tarima aportan calidez y resistencia, y las paredes lisas dan un acabado moderno y limpio al interior. La calefacción es eléctrica con bomba de frío y calor, lo que permite regular la temperatura de forma eficiente habitación por habitación. A demás cuenta con placa solar para el agua caliente. Esta casa es ideal tanto para familias que buscan un entorno tranquilo donde vivir, como para parejas o personas que desean una segunda residencia cerca de Madrid pero rodeados de naturaleza. Corpa cuenta con los servicios esenciales, como colegio, consultorio médico, farmacia, tiendas y transporte público, y está bien comunicada por carretera con otras localidades. No dejes pasar la oportunidad de vivir en un entorno natural, con privacidad y todas las comodidades. * financiación hasta el 100% Llámanos y agenda tu visita sin compromiso. ¡Te encantará! Puedes ver este y otros inmuebles en nuestras redes sociales @api.sanroman.",True,good,False,,1571.0,False,False,False,False,[],False,False,219900.0,€,chalet,Corpa,Chalet adosado en calle Romeral,,,terracedHouse,225000.0,5100.0,2.0,
108730157,https://img4.idealista.com/blur/480_360_mq/0/id.pro.es.image.master/4e/64/29/1353482056.webp,3454-07169,27,,435000.0,chalet,sale,172.0,,5,4,calle Navalagamella,Madrid,Valdemorillo,Valdemorillo pueblo,es,,40.4995373,-4.0707642,False,https://www.idealista.com/inmueble/108730157/,"¡Descubre tu nuevo hogar en este espectacular chalet adosado de 172 m²! Con una distribución ideal, esta vivienda cuenta con 5 amplios dormitorios y 4 baños, perfectos para disfrutar de la comodidad que siempre has deseado. La orientación oeste garantiza luminosidad durante todo el día, creando un ambiente acogedor. Además, cuenta con armarios empotrados en cada habitación, aire acondicionado y calefacción individual por gas natural, asegurando un confort óptimo en cualquier época del año. Imagina relajarte en tu terraza o balcón después de un largo día. La parcela de 40 m² es perfecta para disfrutar del aire libre o para que los más pequeños jueguen sin preocupaciones. La ubicación es inmejorable, a un paso del centro del pueblo y con acceso a todos los servicios necesarios, incluidos supermercados. No tendrás que preocuparte por el transporte, ya que la carretera de Navalagamella está muy cerca. Este chalet también incluye una plaza de garaje y un trastero, brindando espacio adicional para tus pertenencias. Construido en 2007 y en buen estado, este hogar es ideal para quienes buscan calidad de vida y comodidad. ¡No dejes pasar la oportunidad de visitarlo y enamorarte de cada rincón!",False,good,False,,2529.0,False,False,False,False,[],False,False,435000.0,€,chalet,"Valdemorillo pueblo, Valdemorillo",Chalet adosado en calle Navalagamella,True,True,terracedHouse,,,,
107309841,https://img4.idealista.com/blur/480_360_mq/0/id.pro.es.image.master/e3/c4/11/1309172355.webp,04_23,19,1,390000.0,flat,sale,91.0,True,2,1,calle de Pepe Isbert,Madrid,Madrid,Ciudad Lineal,es,Pueblo Nuevo,40.4213058,-3.6297953,False,https://www.idealista.com/inmueble/107309841/,"Cuando estás buscando la casa ideal, puede parecer que ninguna se ajusta completamente a lo que deseas.  Ahora, imagina descubrir un piso en una ubicación privilegiada, en una urbanización que ofrece todo lo necesario para disfrutar de una vida cómoda. Desde el primer momento en que lo visites, te sorprenderás por su luz natural y sus vistas despejadas, que hacen que cada rincón se sienta amplio y acogedor. ¿Por qué esta podría ser la elección perfecta? Muchas veces, las viviendas disponibles requieren reformas importantes, y este piso no es la excepción. Sin embargo, esto te da la oportunidad de diseñar tu hogar a tu gusto, adaptándolo a tus necesidades y preferencias. Con dos habitaciones y un baño completo, es el lienzo perfecto para crear un espacio a tu medida. Para ayudarte a visualizar su potencial, hemos incluido imágenes de cómo podrían quedar el salón y el dormitorio reformados. Así podrás imaginar con más claridad cómo transformar este espacio en el hogar que siempre has querido. Además, forma parte de una urbanización con piscina, un auténtico lujo que te permitirá refrescarte y relajarte. También cuenta con una plaza de garaje espaciosa, con capacidad para un coche y una moto, algo difícil de encontrar en muchas zonas de la ciudad. La luminosidad de este piso es otra de sus grandes ventajas. Gracias a sus vistas despejadas, disfrutarás de una sensación de amplitud y bienestar durante todo el día. Aquí, tendrás la oportunidad de transformar cada espacio en un rincón especial, donde compartir momentos inolvidables con amigos y familiares. Preguntas frecuentes al buscar una casa en esta zona de Madrid: ¿Qué opciones de transporte y servicios hay cerca de la casa? En términos de transporte, la vivienda está excelentemente conectada. A pocos metros de la casa, encontrarás paradas de autobús que conectan con las líneas 4, 38, 48, 70 y 106, permitiéndote llegar fácilmente al centro de la ciudad y a otras zonas clave de Madrid. Además, la estación de metro de Ascao, ubicada a solo 3 minutos a pie, te permitirá moverte rápidamente por toda la ciudad gracias a su conexión con la línea 7. Para aquellos que se desplazan en coche, la vivienda cuenta con un acceso directo a la M-30, lo que te permitirá llegar a cualquier punto de Madrid en un tiempo razonable o salir de la ciudad con total comodidad. ¿Te preocupa la hipoteca? Es cierto que el año pasado se pusieron las cosas más complicadas para la compra de la vivienda, pero este año las entidades bancarias están levantando más la mano en la concesión de hipotecas, concediendo mejores tipos de interés. ¿Necesitas financiación? Te podemos ayudar. Tenemos un equipo financiero que se dedica única y exclusivamente a realizar los números necesarios para ver la viabilidad del préstamo. Si deseáis venir a verlo llámanos ahora, estaremos encantados de resolver cualquier duda que tengáis.",True,renew,False,True,4286.0,True,False,False,False,[],False,False,390000.0,€,flat,"Pueblo Nuevo, Madrid",Piso en calle de Pepe Isbert,True,True,,,,,
109162158,https://img4.idealista.com/blur/480_360_mq/0/id.pro.es.image.master/c3/6c/cf/1366118729.webp,,30,,710000.0,chalet,sale,263.0,,5,3,CL EUCALIPTOS LOS,Madrid,Rivas-Vaciamadrid,Rivas Urbanizaciones,es,,40.3637995,-3.5278882,False,https://www.idealista.com/inmueble/109162158/,"Gran parcela de 880m. con excepcional ubicación en Rivas Urbanizaciones situado a 10Metros. del Parque Regional del Sureste, calle muy tranquila, sin trafico, parcela con mucha privacidad e independencia, con zona de aparcamiento hasta para 5 coches, lo que le da muchas posibilidades al futuro propietario para adaptarlo a sus necesidades personales. Tiene piscina de Jean desjoyaux de 10x5, gran porche trasero semicerrado de 50m. con acceso a un acogedor salón que dispone de chimenea, cocina amueblada y equipada, aseo y habitación multifuncional que se adapta a sus necesidades. En la segunda planta hay 2 baños y 4 amplias habitaciones una de ellas en suite con armarios empotrados en todas las habitaciones  El potencial de esta casa son la ubicación y el espacio para futuras extensiones algo imprescindible en la compra de una casa y que permite personalizarla a tu gusto.  La zona está muy consolidada con centro de salud muy cercano, centro comercial Santa Mónica, colegios, institutos, parada de autobús que facilita el acceso al transporte publico. Si buscas una casa con privacidad y tranquila contactanos para mas información y ven a visitarla.",False,good,False,,2700.0,False,False,False,False,[],False,False,710000.0,€,chalet,"Rivas Urbanizaciones, Rivas-Vaciamadrid",Chalet pareado en CL Eucaliptos Los,True,True,semidetachedHouse,,,,
107837419,https://img4.idealista.com/blur/480_360_mq/0/id.pro.es.image.master/7b/6b/fa/1325837053.webp,ARROYO CULEBRO,21,bj,269900.0,flat,sale,114.0,True,2,1,calle de Móstoles,Madrid,Leganés,Valdepelayo - Montepinos - Arroyo Culebro,es,Valdepelayo-Montepinos-Arroyo Culebro,40.3167667,-3.7885546,False,https://www.idealista.com/inmueble/107837419/,"¿BUSCAS PISO CON PISCINA DE ""RENTA LIBRE"" EN ARROYO CULEBRO? ¡ESTA ES TU OPORTUNIDAD! Progreso Vende piso en planta baja totalmente adaptado para personas con movilidad reducida. La vivienda cuenta con 2 amplios dormitorios y 1 baño completo de gran tamaño (originalmente 3 dormitorios, baño y aseo – ver planos), un espacioso salón independiente, cocina con tendedero, una estupenda plaza de aparcamiento y cuarto trastero de 6m2. La propiedad se sitúa en una urbanización cerrada con todas las comodidades: piscina, zonas verdes y conserje, ideal para disfrutar en familia. Perfecto para quienes buscan tranquilidad, accesibilidad y calidad de vida en un entorno seguro y bien comunicado. El barrio de Arroyo Culebro en Leganés es una zona residencial bien comunicada, tranquila y familiar, ideal para quienes buscan calidad de vida. Ofrece modernas viviendas, zonas verdes como el Parque de Polvoranca, colegios, centros deportivos y proximidad a hospitales. En cuanto a transporte, está bien conectado con la línea 5 de Cercanías – Renfe (parada “Parque Polvoranca), varias líneas de autobús y acceso rápido a las principales carreteras desde M-50 y A-42.  Te recordamos que Progreso es una empresa multiservicio que pone a tu disposición “todo lo que necesites, en mismo lugar”, gracias a nuestros servicios jurídicos e inmobiliarios propios y a excelentes convenios a nivel financiero. Consulta para más información, sin compromiso.",True,good,False,True,2368.0,True,False,False,False,[],False,False,269900.0,€,flat,"Valdepelayo-Montepinos-Arroyo Culebro, Leganés",Piso en calle de Móstoles,True,True,,,,,
107538286,https://img4.idealista.com/blur/480_360_mq/0/id.pro.es.image.master/25/21/3d/1341434202.webp,,21,2,1750000.0,flat,sale,154.0,True,3,3,calle Marqués de Monasterio,Madrid,Madrid,Centro,es,Chueca-Justicia,40.4226586,-3.6953708,False,https://www.idealista.com/inmueble/107538286/,"VENTA DIRECTA  Magnifico piso exterior, en una de las calles más emblemáticas y conocidas del barrio de Justicia, en el centro de la capital, un lugar con carácter auténtico, lleno de posibilidades en una de las zonas que más a rejuvenecido.   El edificio posee una bella fachada clásica. , enfrente del nuevo Soho House  Un espacio luminoso, donde se aúna carácter a lo largo de sus 154 m2. La propiedad es exterior con dos balcones a la calle, aportando luz natural.   Piso reformado y amueblado, se distribuye con un amplio salón- comedor y cocina integrada. Tres habitaciones, dos de ellas suite y baño de cortesía  Actualmente el ascensor está en proceso  ATENDEMOS SABADOS Y DOMINGOS.",False,good,False,True,11364.0,True,False,False,False,[],False,False,1750000.0,€,flat,"Chueca-Justicia, Madrid",Piso en calle Marqués de Monasterio,,,,,,,
108897104,https://img4.idealista.com/blur/480_360_mq/0/id.pro.es.image.master/c8/64/33/1361429362.webp,IMV - 0073,44,4,1400000.0,flat,sale,230.0,True,5,3,CL NURIA,Madrid,Madrid,Fuencarral,es,Mirasierra,40.4974577,-3.7130231,False,https://www.idealista.com/inmueble/108897104/,"""InmoMartin VENDE EN EXCLUSIVA"", este magnífico piso, se encuentra en una 4º planta exterior a zonas comunes. Tiene una superficie de 230 m2 construidos,(según informe catastral) y 199 m2 útiles, (según informe catastral). Se ubica en la mejor calle de la prestigiosa zona de Mirasierra, ideal para aquellos que buscan comodidad y exclusividad. Este inmueble se encuentra en una fantástica urbanización que ofrece una gran variedad de servicios y comodidades para toda la familia. ""INCLUYE EN EL PRECIO DOS PLAZAS DE GARAJE"" Si buscas vivienda en el corazón de Mirasierra para vivir con tu familia, este piso es lo que estas buscando.  Características de la vivienda: - Recibidor: Elegante y acogedor, perfecto para dar la bienvenida a tus invitados. - Salón/Comedor: Amplio y luminoso con excelentes vistas, con chimenea. Tiene varias estancias con espacio suficiente para relajarte y disfrutar de momentos inolvidables. - Sistema de aire acondicionado centralizado por conducto.  - Calefacción individual por gas natural. - Cocina: Totalmente equipada, funcional además cuenta con acceso de servicio. - Lavadero: Espacio independiente para la colada. - 5 Dormitorios dobles: dormitorios confortables con armarios empotrados, (el dormitorio principal con baño en suite con plato de ducha y bañera hidromasaje. - 3 Baños completos. Servicios y zonas comunes de la Finca: - Piscina: Ideal para refrescarte en los días calurosos. - Jardines: Espacios verdes bien cuidados para pasear y relajarte. - Zona Infantil: Área de juegos para los más pequeños. - 2 Pistas de Pádel: Perfecta para los amantes del deporte. - Conserje y Vigilancia 24 Horas: Seguridad y atención garantizadas las 24 horas del día. - Garaje: 2 plaza grande y de fácil acceso. ""Gastos de comunidad"": 430,00€, (aproximadamente). ""IBI"": 1.300,00e, (aproximadamente). Localización: La ubicación es inmejorable, cerca tiene supermercados como Sánchez Romero, Aldi, Unide, Plaza, Mercadona, centros comerciales, farmacias, gimnasios, restaurantes, El Colegio Alemán de Madrid, Escuela infantil Sol Solito, Colegio Mayor Santillana, La Federación de Tenis de Madrid, colegio Mirasol, centros deportivos, Escuela Universitaria de Fisioterapia ONCE, reconocidos Hospital Ruber Internacional y Clínica Cemtro. Comunicación: Esta muy bien conectado con excelente acceso a la M40 y proximidad al metro de Mirasierra, paradas de autobús que van a Callao y a Plaza Castilla, estación de Cercanías Paco de Lucia.  Líneas de autobuses: 134, 170 y N23,(servicio nocturno). Esta es tu oportunidad de vivir en una de las zonas más exclusivas de Madrid, con todas las comodidades y servicios a tu disposición. No dejes pasar esta ocasión única.  Los precios ofertados no comprenden los tributos (Impuesto de Transmisiones Patrimoniales), ni los gastos notariales y registrales relativos a la compraventa, ni la comisión de intermediación que satisface el comprador.  - No dude en visitarlo (trabajamos de Lunes a Domingos y festivos. ) - "" LA INFORMACION AQUI INCLUIDA NO FORMA PARTE DE NINGUNA OFERTA O CONTRATO Y PUEDE ESTAR SUJETA A ERRORES, OMICIONES, CAMBIO DE PRECIO, TEXTO O CUALQUIER OTRA MODIFICACION SIN PREVIO AVISO"".",True,good,False,True,6087.0,True,False,False,False,[],False,False,1400000.0,€,flat,"Mirasierra, Madrid",Piso en CL Nuria,True,True,,,,,
96690274,https://img4.idealista.com/blur/480_360_mq/0/id.pro.es.image.master/f1/a5/36/953778003.webp,,78,2,1350000.0,flat,sale,181.0,True,3,2,avenida de los Arces,Madrid,Madrid,Hortaleza,es,Palomas,40.4554855,-3.6193773,False,https://www.idealista.com/inmueble/96690274/,"FECHA DE ESCRITURA DE COMPRAVENTA: OCTUBRE 2025. Espectacular vivienda de máximas calidades en una de las más prestigiosas urbanizaciones de Conde Orgaz, con 181 metros construidos (de los cuales 39 son zonas comunes y 6 de trastero), ubicada en una exclusiva urbanización en la Avenida de los Arces. Entramos a la vivienda a través de lujoso hall recibidor con armario gabanero, puerta blindada y madera natural de cerezo, y accedemos a la zona de día, con orientación Norte, compuesta por un amplio y luminoso salón comedor exterior con espectaculares vistas, y una gran cocina con zona office reformada recientemente con electrodomésticos de alta gama. Además contamos con zona de lavandería y planchado. Respecto a la zona de noche, con orientación Sur, la vivienda cuenta con tres amplios dormitorios exteriores con orientación al precioso jardín de la urbanización; el principal con baño en suite y vestidor; y los otros dos dormitorios comparten un baño completo.  Contamos con amplios armarios empotrados en los dormitorios.  Destacamos la gran luminosidad natural de toda la casa (completamente exterior), la alta calidad y diseño de los materiales empleados, y la exclusiva y tranquila urbanización en la que está ubicada (jardín super cuidado y de diseño). En cuanto a las calidades de construcción, destacan la calefacción por suelo radiante, maderas nobles en la carpintería y puertas, sistema de iluminación de alta calidad, ventanas SCHUCO de doble acristalamiento de la más alta calidad, todas las persianas eléctricas, y aire acondicionado por conductos en todas las estancias. Respecto a las zonas comunes, contamos con doble piscina (una exterior y otra interior climatizada), gimnasio, dos saunas (seca y húmeda), rayos UVA, jardín muy cuidado y zona infantil. Alta seguridad en toda la urbanización, con porteros físicos 24 horas 365 días al año, y cámaras de vigilancia en todo el recinto y perímetro. Se incluyen en el precio dos amplias y cómodas plazas de garaje (con acceso directo desde el ascensor), y un amplio trastero de 6 metros cuadrados.",False,good,False,True,7459.0,True,False,False,False,[],False,False,1350000.0,€,flat,"Palomas, Madrid",Piso en avenida de los Arces,True,True,,,,,
105140892,https://img4.idealista.com/blur/480_360_mq/0/id.pro.es.image.master/ce/a3/7c/1243032735.webp,72001,7,3,2250000.0,flat,sale,205.0,True,3,4,Barrio Castellana,Madrid,Madrid,Barrio de Salamanca,es,Castellana,40.4365586,-3.6776832,False,https://www.idealista.com/inmueble/105140892/,"Álvora Capital Properties, consultora inmobiliaria de alta calidad en la gestión de activos prime en Madrid, les ofrecemos en venta, este magnífico piso, actualmente en proceso de reforma, que cuenta con plaza de garaje de residentes y piscina comunitaria, ubicada en el Barrio de Salamanca. La vivienda cuenta con una superficie construida de 205m², se ubica en la 3ª planta exterior de un edificio moderno. Destacamos de esta completa propiedad, sus grandes ventanales de suelo a techo que proporcionan una gran luminosidad, su excelente distribución y la reforma de gran calidad y diseño. Se distribuye en hall de entrada con armario gabanero y aseo de cortesía, amplio y luminoso salón comedor con gran ventanal orientado a la calle, que conecta con la moderna cocina de diseño, totalmente equipada con electrodomésticos de alta gama y área de lavandería.  La zona de noche se dispone en tres luminosos dormitorios en suite; el dormitorio principal cuenta un espacioso vestidor y baño en suite.  La finca tiene servicio de portería, entrada de servicio con ascensor principal y montacargas y plaza de garaje de garaje en la finca y piscina comunitaria. Los muebles no se incluyen en la venta. El barrio de Salamanca es una de las zonas residenciales y comerciales más apreciadas de Madrid, y con mayor nivel de vida de toda Europa. El barrio toma su nombre de José de Salamanca y Mayol, el Marqués de Salamanca, que promovió y dirigió su construcción a mediados del siglo XIX, llevada a cabo durante el reinado de Isabel II. Se forjó para las clases aristocráticas y burguesas, con grandes avenidas en distribución regular en forma de damero con calles perpendiculares, en torno a las que se articulan tiendas y comercios de lujo, y grandiosos palacetes, en uno de los cuales vivió el escritor sevillano Gustavo Adolfo Bécquer. En la actualidad, hablamos de una zona dinámica y segura, de grandes aceras, con una interesante vida, gracias a que es el epicentro de las tiendas lujo de la capital, conocida también por la “Milla de Oro”, donde tienen su sede las firmas más prestigiosas del mundo. También concentra un elevado número de Embajadas en edificios decimonónicos con gran valor arquitectónico. Y encontramos los establecimientos de hostelería más cosmopolitas de la capital, como el famoso “Platea Madrid” que es el centro de ocio gastronómico más grande de Europa. La cercanía al Parque del Retiro, le proporciona la etiqueta, de ser unos de los mejores barrios para vivir de Madrid. Álvora Capital Properties con más de 20 años de experiencia cuenta con un grupo de profesionales altamente cualificados con una amplia vocación de servicio, dedicados a asesorar a nuestros clientes en la gestión de inmuebles situados en las mejores zonas de Madrid. Visite nuestra web corporativa contamos con un gran porcentaje de inmuebles no publicados en los portales inmobiliarios.",False,good,False,True,10976.0,True,False,False,False,[],False,False,2250000.0,€,flat,"Castellana, Madrid",Piso,True,True,,,,,
108330561,https://img4.idealista.com/blur/480_360_mq/0/id.pro.es.image.master/bf/4b/cc/1340884252.webp,REF:MADRID 7,25,2,1600000.0,flat,sale,149.0,True,3,5,calle de los Reyes Magos,Madrid,Madrid,Retiro,es,Niño Jesús,40.4081687,-3.6765608,False,https://www.idealista.com/inmueble/108330561/,"NUEVOLEGANÉS pone a la venta en exclusiva este estupendo piso reformado y totalmente amueblado. Edifico señorial en el centro de Madrid y cercano al Parque del Buen Retiro.  Ubicación privilegiada y muy tranquila, cercana a colegios, restauración y centros médicos.  El piso actualmente en reforma, constará total mente equimado y con mobiliaria: * 3 dormitorios amueblados de diseño, amplios baños completos con muebles y privados. Armarios empotrados en todas las estancias. * Cocina amueblada de diseño, estilo americana con isla central, toda equipada con electrodomesticos. * Salón-comedor espacioso y muy luminoso, ideal para celebraciones de amigos o   familiares.  * Aseo * 3 Baños completos, uno de ellos doble en habitacion principal. * Pequeña recepción a la entrada donde se distribuye toda la vivienda. * Orientación sur, lo que le confiere mucha luz a todo el piso. * 3 Balcones muy luminosos con muy buenas vistas.  Además la vivienda posee un trastero amplio y con bastante altura y gran capacidad. En el precio también se incluye la plaza de garaje (cesión del ayuntamiento de Madrid para residentes de la zona) A parte la propiedad cuenta con zonas comunes, haciendo una comunidad bastante exclusiva. Las fotos que se muestran son de proyectos ya realizados y en la misma zona y no pertenecen a la vivienda que actualmente esta en reforma. Le presentamos tambien el plano de la propiedad para facilitar a los compradores la distribución de la misma. Para cualquier duda o concertar una visita, no dude en contactar con nosotros, le ayudaremos en todo lo que esté en nuestra manos. Tu confianza es nuestra tranquilidad.",False,good,False,True,10738.0,True,False,False,False,[],False,False,1600000.0,€,flat,"Niño Jesús, Madrid",Piso en calle de los Reyes Magos,True,True,,,,,
109174084,https://img4.idealista.com/blur/480_360_mq/0/id.pro.es.image.master/ba/ca/6a/1366454537.webp,VMF2 - Sevilla (3),88,,435000.0,chalet,sale,235.0,,4,4,calle Sevilla,Madrid,Valdetorres de Jarama,,es,,40.7030023,-3.516053,False,https://www.idealista.com/inmueble/109174084/,"Vivienda Madrid vende en exclusiva, chalet independiente en Valdetorres del Jarama, en una zona residelcial muy tranquila con vistas al campo y a la sierra de Madrid. Este chalet tiene una parcela de 500m² y la vivienda tiene 235m² dstribuida en 3 plantas. Planta sótano con garaje para 1 coche, 1 habitación, 1 baño completo y cuarto de caldera con lavadora. Planta principal. : recibidor amplio, salón con chimenea, comedor, aseo, cocina y gran terraza acristalada con vistas a la piscina y a la sierra. Planta primera. : 2 dormitorios, 1 baño completo y habitación principal con vestidor y baño en suite. Tiene una piscina con depuradora salina y de cloro, con cubierta de metacrilato. La vivienda se encuentra muy cercana a todos los servicios del municipio y a 30 minutos de Madrid.",False,good,False,,1851.0,False,False,False,False,[],False,False,435000.0,€,chalet,Valdetorres de Jarama,Casa independiente en calle Sevilla,True,True,independantHouse,,,,
106169823,https://img4.idealista.com/blur/480_360_mq/0/id.pro.es.image.master/40/51/bb/1367153905.webp,3610-00631,53,,2275000.0,chalet,sale,823.0,,5,3,Centro - Casco Histórico,Madrid,San Lorenzo de El Escorial,Centro - Casco Histórico,es,,40.5930911,-4.1387003,False,https://www.idealista.com/inmueble/106169823/,"Espectacular chalet independiente del siglo XIX con vistas a Madrid, piscina y casa de invitados Se vende exclusivo chalet independiente en El Escorial, una propiedad única con una impresionante construcción del siglo XIX, reformada y actualizada, que ofrece unas vistas panorámicas inigualables, llegando hasta las emblemáticas Cuatro Torres de Madrid. La orientación sur proporciona una luminosidad natural excepcional a lo largo de todo el día. La casa cuenta con tres plantas que ofrecen una distribución ideal para la vida familiar y social: Planta principal: Al entrar, nos encontramos con un amplio salón con chimenea de piedra, un espacio perfecto para relajarse o recibir visitas. Además, en esta planta se ubica un dormitorio en suite con su propio baño, un comedor independiente y un despacho, ideal para quienes necesitan un espacio de trabajo privado en casa. Segunda planta: Aquí encontramos dos dormitorios con baño en suite, siendo uno de ellos el dormitorio principal que además cuenta con zona de estar, brindando total privacidad y confort a sus ocupantes. Además, hay otros dos dormitorios que comparten un baño adicional, diseñado para atender las necesidades de ambos dormitorios de manera práctica y funcional. Planta baja (a la altura de la piscina): Este nivel está pensado para el ocio y las necesidades diarias, con un comedor amplio y luminoso que da acceso directo a la galería y la piscina. Además, dispone de una cocina, baño de cortesía, una zona de lavandería independiente y la zona de servicio, que incluye un dormitorio, baño y sala de estar, ideal para el personal doméstico o invitados. El exterior de la propiedad es igual de impresionante, con amplios jardines perfectamente cuidados que rodean la vivienda, y una piscina privada donde disfrutar de momentos de relax y ocio durante los meses más cálidos. Dentro de la misma finca, se encuentra una casa secundaria o casa de guardeses, completamente rehabilitada en 2022. Esta segunda vivienda, de 300 metros cuadrados distribuidos en dos plantas, tiene acceso independiente y es ideal para ser utilizada como casa de invitados, vivienda para alquilar o cualquier otro uso que se desee. Su entrada privada brinda la posibilidad de independencia total respecto a la casa principal. Esta propiedad combina la elegancia histórica con las comodidades modernas en un entorno natural privilegiado. ¡Una oportunidad única para quienes buscan exclusividad, amplios espacios exteriores y tranquilidad sin renunciar a la proximidad con Madrid! **La información que se detalla en este anuncio, se muestra a título informativo, no es contractual ni vinculante y puede contener errores**.",False,good,False,,2764.0,True,False,True,False,[],False,False,2275000.0,€,chalet,"Centro - Casco Histórico, San Lorenzo de El Escorial",Casa independiente,,,independantHouse,,,,
109197552,https://img4.idealista.com/blur/480_360_mq/0/id.pro.es.image.master/21/a0/f2/1367177496.webp,20329,38,3,420000.0,duplex,sale,108.0,True,3,2,calle de Candilejas,Madrid,Madrid,Puente de Vallecas,es,Palomeras Bajas,40.3848754,-3.6612759,False,https://www.idealista.com/inmueble/109197552/,"Ático dúplex totalmente exterior y muy luminoso en calle Candilejas, Asamblea de Madrid.  Este fantástico ático dúplex de 108 m² construidos destaca por su excelente distribución en dos plantas, su luminosidad natural en todas las estancias y sus dos terrazas privadas. Ubicado en una finca de 1994 con ascensor y plaza de garaje incluida, es una oportunidad perfecta para quienes buscan una vivienda amplia, cómoda y bien comunicada. La planta principal, que es la de acceso, cuenta con un espacioso recibidor con armario empotrado, ideal como zona de almacenaje. Desde aquí se accede a un acogedor salón comedor muy luminoso gracias a su orientación y grandes ventanas. La cocina, independiente y funcional, está completamente equipada y dispone de tendedero. En esta planta también se encuentra un dormitorio con armario empotrado y un baño completo con bañera. En la planta superior se ubican dos dormitorios más, ambos con armarios empotrados y acceso directo a las dos terrazas privadas, perfectas para disfrutar del sol, crear una zona de descanso o montar un pequeño huerto urbano. En esta misma planta hay un segundo baño completo con bañera. El inmueble cuenta con excelentes calidades: suelos de parqué en perfecto estado, ventanas de aluminio que garantizan buen aislamiento térmico y acústico, calefacción y agua caliente mediante caldera individual de gas natural, y aire acondicionado. La vivienda está lista para entrar a vivir. La finca, construida en 1994, dispone de ascensor y la vivienda incluye una cómoda plaza de garaje en el mismo edificio. La ubicación es otro de sus grandes atractivos. Situada en la calle Candilejas, una zona tranquila dentro del barrio de Puente de Vallecas, ofrece todos los servicios a muy poca distancia: supermercados como Carrefour y Ahorramás, farmacias, panaderías, tiendas de barrio, centros de salud y el Centro Comercial Madrid Sur a pocos minutos andando. También cuenta con una amplia oferta educativa cercana, como la Escuela Infantil y el Colegio Público Giner de los Ríos, ambos a menos de 300 metros. En cuanto a transporte, la zona está perfectamente conectada. A solo unos minutos se encuentra la estación de Cercanías Entrevías-Asamblea de Madrid, que comunica rápidamente con el centro de la ciudad. También hay varias líneas de autobuses urbanos en las inmediaciones que conectan con distintos puntos de Madrid. En resumen, se trata de un ático dúplex amplio, luminoso y exterior, con tres dormitorios, dos baños, dos terrazas privadas, plaza de garaje incluida y en una zona bien comunicada y dotada de todos los servicios. Ideal para familias, parejas o personas que teletrabajan y buscan espacio exterior sin salir de la ciudad.",False,good,False,True,3889.0,False,False,True,False,[],False,False,420000.0,€,flat,"Palomeras Bajas, Madrid",Dúplex en calle de Candilejas,True,True,duplex,,,,
108825279,https://img4.idealista.com/blur/480_360_mq/0/id.pro.es.image.master/fc/53/96/1358234219.webp,V9293,40,2,999000.0,flat,sale,159.0,True,3,2,calle del Doctor Esquerdo,Madrid,Madrid,Barrio de Salamanca,es,Fuente del Berro,40.4281927,-3.6681641,False,https://www.idealista.com/inmueble/108825279/,"Este espectacular piso TODO EXTERIOR en ESQUINA de edificio, ubicado en una de las mejores zonas del centro, ofrece una combinación perfecta de comodidad y estilo. Con 159 m² construidos, cuenta con tres amplios dormitorios (ANTES 4), y dos baños, uno de ellos en suite, ideal para disfrutar de la privacidad que mereces. La cocina es independiente y está totalmente equipada con electrodomésticos, es un sueño para los amantes de la gastronomía. Además, el piso ha sido reformado con excelentes calidades y se entrega listo para entrar a vivir. La calefacción es por SUELO RADIANTE REFRESCANTE CON AEROTERMIA, que asegura un ambiente acogedor durante todo el año. Imagina relajarte en tu terraza privada, disfrutando de las vistas mientras te sumerges en la vibrante vida madrileña. La propiedad también incluye una plaza de garaje de residentes P. A. R, lo que la convierte en una opción perfecta para todos. No dejes pasar esta oportunidad única de vivir en un espacio que combina elegancia y funcionalidad en una ubicación inmejorable. ¡Ven a visitarlo y enamórate.",True,good,False,True,6283.0,True,False,False,False,[],False,False,999000.0,€,flat,"Fuente del Berro, Madrid",Piso en calle del Doctor Esquerdo,True,True,,,,,
107827441,https://img4.idealista.com/blur/480_360_mq/0/id.pro.es.image.master/9b/12/e4/1326154553.webp,IMV - 0071,39,5,2600000.0,flat,sale,306.0,True,4,4,calle de Joaquín Costa,Madrid,Madrid,Chamartín,es,El Viso,40.4445219,-3.6829337,False,https://www.idealista.com/inmueble/107827441/,"* ESQUINA CON CALLE VELÁZQUEZ * * ORIENTACIÓN SUROESTE * * TRASTERO Y PLAZA DE GARAJE INCLUIDOS * * CONSERJE LOS 7 DÍAS DE LA SEMANA * Vivienda en El Viso - Chamartín, junto a la calle Velázquez, quinta planta de un edificio que lleva la firma del arquitecto Gutiérrez Soto, con vistas magníficas. Vivienda en buen estado, necesitada de reforma, sustentada en columnas y vigas (sin muros de carga), por lo que admite reforma con muchas posibilidades de redistribución para adaptarla a sus necesidades. Calefacción central con radiadores en todas las estancias. Puerta blindada. Puertas de madera, suelo de parquet tradicional en salones y dormitorios, resto de suelos cerámicos y cerramientos de aluminio lacado en blanco. La vivienda está situada en la quinta planta de un total de ocho, dos vecinos por planta, orientación principal suroeste, muy luminosa y soleada. Dos accesos a la vivienda: entrada principal y entrada de servicio. Ascensor y montacargas. Se distribuye en 3 salones contiguos (con terraza y grandes ventanales), 4 habitaciones, 4 cuartos de baño y una amplia cocina. Plaza de garaje en la propia finca, acceso directo escaleras y ascensor. Tamaño amplio 3m x 4,80m. En la actualidad coche grande y moto. Zona muy consolidada con todos los servicios y comercios de proximidad, restaurantes, tiendas y supermercados, centros médicos y hospitales, farmacias, centros educativos, etc. Excelentemente situado y comunicado. Para hacer visitas contactar con los asesores inmobiliarios. - Martín Vargas Ramos: 6-9-7-6-5-6-0-6-1. - Antonio Salmerón: 6-6-0-4-2-0-6-9-6. *Financiación 100% a través de la empresa financiera colaboradora de InmoMartin. -La obtención de la financiación está sujeta a las condiciones de la entidad financiera y tendrá en cuenta el perfil y solvencia del cliente. *De acuerdo al Art. 6 del RD 515/1989, de 21 de abril, se informa al cliente que los gastos notariales, registrales, I. T. P. o equivalente, gastos financieros y otros gastos inherentes a la compraventa no están incluidos en el precio de venta de la vivienda. No dude en visitarlo. ( trabajamos de lunes a domingo ) ""La información aquí incluida no forma parte de ninguna oferta o contrato y puede estar sujeta a errores, omisiones, cambio de precio o cualquier otra modificación sin previo aviso.",True,renew,False,True,8497.0,True,False,False,False,[],False,False,2600000.0,€,flat,"El Viso, Madrid",Piso en calle de Joaquín Costa,True,True,,,,,
108627340,https://img4.idealista.com/blur/480_360_mq/0/id.pro.es.image.master/57/2c/78/1350369325.webp,2110/21100032/157,37,2,341000.0,flat,sale,149.0,True,4,2,San José - Buenos Aires,Madrid,Pinto,San José - Buenos Aires,es,,40.2392603,-3.7071958,False,https://www.idealista.com/inmueble/108627340/,"""ESTUPENDA VIVIENDA EN VENTA Excelente vivienda de cuatro dormitorios y dos baños. Se encuentra en la 2ª planta de un edificio residencial. y cuenta con garaje y trastero. Dispone de ascensor. Situado en San José Buenos Aires. La vivienda se distribuye en cuatro dormitorios, armarios empotrados, salón-comedor con acceso a terraza y jardín, cocina independiente y dos baños. Cuenta con cocina amueblada y equipada con muebles altos y bajos, vitrocerámica, horno y campana extractora. Dispone de suelos de tarima en cocina, baño y en el resto de estancias. Dispone de calefacción. Dispone de piscina. Se encuentra ubicado al Sureste de Pinto. Cuenta con fácil acceso a través de las principales carreteras y buenas comunicaciones por transporte público.  La parada de metro más cercana es Pinto y se encuentra a menos de 10 minutos andando. La parada de autobús más cercana se encuentra a menos de 10 minutos andando. La parada de taxi más cercana se encuentra a menos de 10 minutos andando.  En su entorno existen viviendas plurifamiliares de similares características. La zona cuenta con todo tipo de servicios básicos, el colegio más cercano se encuentra a 240 metros. La zona cuenta con una amplia oferta de entretenimiento con 6 parques, bares, restaurantes y comercios a pocos minutos de la vivienda.  En cuanto al transporte privado, la zona dispone de parkings privados y aparcamiento en la calle.  La vivienda tiene un fácil acceso por carretera y está bien comunicado a través de la Autovia del Sur, M-506 y la Calle Aguilas.  Estado de la vivienda: vacante "".",True,good,False,True,2289.0,True,False,True,False,[],False,False,341000.0,€,flat,"San José - Buenos Aires, Pinto",Piso,True,True,,,,,
107276157,https://img4.idealista.com/blur/480_360_mq/0/id.pro.es.image.master/9d/b7/0d/1308204489.webp,,33,,670000.0,chalet,sale,300.0,,4,3,Guadarrama,Madrid,Guadarrama,,es,,40.6542003,-4.0426321,False,https://www.idealista.com/inmueble/107276157/,"MAGNÍFICO CHALET con un CONSUMO ENERGÉTICO 0 que GENERA 620€ NETOS/MES y CUENTA con VISTAS ESPECTACULARES A LA SIERRA SAUBER Real Estate tiene el placer de presentarles este exclusivo chalet de alta eficiencia energética, diseñado para ofrecer el máximo confort y un estilo de vida sostenible. Ubicado en un entorno privilegiado con impresionantes vistas a la sierra de Guadarrama, esta vivienda combina grandes espacios, innovación y sostenibilidad Con una superficie de 300 m2 distribuidos en dos plantas, esta propiedad cuenta con 4 amplios dormitorios, uno de ellos en suite, y uno estratégicamente ubicado en la planta baja. Además, dispone de 3 baños completos, un espacioso garaje con capacidad para varios vehículos y un cargador para coche eléctrico. Gracias a su sistema de aerotermia y a dos instalaciones de placas fotovoltaicas, el inmueble garantiza un consumo energético nulo durante todo el año. Al acceder a la vivienda, nos recibe un espectacular salón a doble altura de 51 m2 con chimenea y salida al jardín. En esta misma planta encontramos un taller, un dormitorio en suite de 21 m2 y una espaciosa cocina con office, perfecta para integrar al salón y con acceso directo al jardín, ideal para disfrutar de reuniones familiares y momentos de relax. En la primera planta encontramos 3 dormitorios, dos de ellos de grandes dimensiones (15m2 y 21m2) y con armarios empotrados que comparten un baño con doble seno y ducha. La master suite es la verdadera joya de la casa, con un espacioso vestidor, una terraza privada con vistas panorámicas a la emblemática Bola del Mundo y un lujoso baño con doble seno, ducha y una espectacular bañera circular. El exterior de la vivienda es un auténtico paraíso. Sobre una parcela de 1.050 m2, encontramos una espectacular piscina de diseño de cloración salina, una zona de barbacoa con horno de leña y amplias áreas de aparcamiento y garaje, todo pensado para aprovechar al máximo los soleados días de la sierra. Ubicada en la prestigiosa urbanización Grandes Valles, esta propiedad ofrece la combinación perfecta entre tranquilidad y comodidad ya que cuenta con acceso rápido a la A-6, a Collado Villalba y a Guadarrama, donde encontrarás todos los servicios necesarios. Además, a escasos minutos a pie encontramos una parada de autobús. En SAUBER Real Estate nos comprometemos a ofrecerle una experiencia de compra única, sin costes adicionales para la parte compradora.",True,good,False,,2233.0,True,False,False,False,[],False,False,670000.0,€,chalet,Guadarrama,Casa independiente,True,True,independantHouse,,,,
107975209,https://img4.idealista.com/blur/480_360_mq/0/id.pro.es.image.master/45/67/02/1329942179.webp,2001/20010001/136,28,1,190800.0,flat,sale,53.0,False,2,1,Barrio San Diego,Madrid,Madrid,Puente de Vallecas,es,San Diego,40.392731,-3.6688891,False,https://www.idealista.com/inmueble/107975209/,"""ESTUPENDA VIVIENDA EN VENTA Excelente vivienda de dos dormitorios y un baño. Se encuentra en la 1ª planta de un edificio residencial. No dispone de ascensor. Situado en San Diego en el distrito de Puente de Vallecas. La vivienda se distribuye en dos dormitorios, salón-comedor, cocina independiente y un baño. Cuenta con cocina amueblada y equipada con muebles altos y bajos, vitrocerámica, horno y campana extractora. Dispone de suelos de gres en cocina, baño y en el resto de estancias. Dispone de calefacción. Se encuentra ubicado en San Diego, Puente de Vallecas (Sureste de Madrid). Cuenta con fácil acceso a través de las principales carreteras y buenas comunicaciones por transporte público. La parada de metro más cercana es Nueva Numancia y se encuentra a menos de 10 minutos andando. La parada de autobús más cercana es Arroyo del Olivar-Puerto de Pajares y se encuentra a menos de 5 minutos andando. En su entorno existen viviendas plurifamiliares de similares características. La zona cuenta con todo tipo de servicios básicos, el centro de salud más cercano se encuentra a 310 metros, existen 7 farmacias a menos de 300 metros, el colegio más cercano se encuentra a 240 metros. Además, a menos de 500 metros también puedes encontrar 4 supermercados, 7 bancos, una lavandería, 2 oficinas de correos, una comisaría de policía. La zona cuenta con una amplia oferta de entretenimiento con 3 gimnasios, 7 parques, bares, restaurantes y comercios a pocos minutos de la vivienda. En cuanto al transporte privado, la zona dispone de parkings privados y aparcamiento en la calle. La vivienda tiene un fácil acceso por carretera y está bien comunicado a través de la Avenida de la Paz, Avenida de la Albufera y la Calle Monte Ulía. Estado de la vivienda: vacante"".",True,good,False,False,3600.0,True,False,True,False,[],False,False,190800.0,€,flat,"San Diego, Madrid",Piso,,,,,,,
108706421,https://img4.idealista.com/blur/480_360_mq/0/id.pro.es.image.master/54/7e/71/1352735226.webp,3523-00684,45,5,1075000.0,flat,sale,91.0,True,2,2,calle del Alcalde Sainz de Baranda,Madrid,Madrid,Retiro,es,Niño Jesús,40.4168612,-3.6717318,False,https://www.idealista.com/inmueble/108706421/,"**Piso en Venta en el Corazón de Goya - Oportunidad Única** Descubre este espectacular piso exterior de 91 m², recién reformado y ubicado en la 5ª planta de un edificio bien cuidado. Con grandes ventanales que inundan de luz natural cada rincón, esta vivienda ofrece un ambiente acogedor y moderno. La distribución incluye un gran salón con comedor y cocina integrada, ideal para disfrutar de momentos inolvidables.  Dispone de dos amplias habitaciones, una de ellas en suite, y dos baños elegantemente diseñados con piedra natural de mármol. Los armarios empotrados y el trastero brindan soluciones de almacenamiento perfectas. La decoración, con mobiliario de madera de nogal y colores neutros, aporta un toque de buen gusto y calidez al hogar. Además, la orientación sur asegura luz durante todo el día, creando un espacio luminoso y acogedor. El edificio cuenta con piscina y jardines, perfectos para relajarse y disfrutar del aire libre. La calefacción central y el aire acondicionado por conductos garantizan el confort en cualquier época del año. Con una comunidad de 188 € e IBI de 500 €, este piso es una opción ideal para familias que buscan un barrio residencial, tranquilo y bien comunicado.  Ubicado cerca de la calle Goya, tendrás acceso a transporte público, colegios y el centro comercial El Corte Inglés. La cercanía a farmacias y al centro de salud Gregorio Marañón añade comodidad a la vida diaria. ¡No pierdas la oportunidad de visitar este maravilloso hogar! Disponibilidad de llaves para visitas y negociación flexible con la propiedad. ¡Contáctanos hoy mismo! Las imágenes del anuncio corresponden a renders ilustrativos. La reforma se encuentra en su fase final y se estima que estará completamente terminada en unas tres semanas. Disponemos de las llaves de la propiedad, por lo que puedes concertar una visita cuando lo desees. Negociación flexible y directa con la propiedad. GlobalAyr Inversiones Inmobiliarias S.L. es una sociedad especializada en inversión y gestión inmobiliaria, tanto a nivel nacional como internacional. Contamos con una amplia red de colaboradores y te ofrecemos un servicio integral para que puedas comprar o vender tu propiedad con total confianza: ✔️ Asesoramiento jurídico y fiscal personalizado. ✔️ Acompañamiento en todo el proceso de compraventa. ✔️ Te ayudamos a conseguir la mejor financiación, con posibilidad de hasta el 100%, según perfil. ✔️ Si necesitas reformar tu vivienda, elaboramos presupuesto detallado en 48 horas, sin compromiso. Atendemos también vía WhatsApp para tu mayor comodidad. Este anuncio es meramente informativo y no tiene carácter contractual ni vinculante.",False,good,False,True,11813.0,True,False,False,False,[],False,False,1075000.0,€,flat,"Niño Jesús, Madrid",Piso en calle del Alcalde Sainz de Baranda,,,,,,,
108542225,https://img4.idealista.com/blur/480_360_mq/0/id.pro.es.image.master/ba/4b/43/1349691033.webp,,21,1,289000.0,flat,sale,65.0,True,2,1,calle del Camino de los Vinateros,Madrid,Madrid,Moratalaz,es,Vinateros,40.4073256,-3.6440456,False,https://www.idealista.com/inmueble/108542225/,"“CONZIERTA”, le pone a su disposición esta Excelente vivienda en una de las mejores zonas de Moratalaz, rodeada de jardines, muy tranquila y luminosa. Se distribuye en: -Hall de entrada, cocina con un Office, 2 dormitorios, baño completo y un salón con una TERRAZA abierta. Calefacción central y agua caliente individual por gas, puertas de madera, suelo de tarima y puerta de acceso blindada. La finca tiene la posibilidad de tener TRASTERO. Inmejorable zona con todos los servicios, comercios, colegios, Centro de salud, centro cultural, Mercado de Moratalaz, supermercados, polideportivos y parques. Excelente comunicación al lado de la estación de Metro Artilleros (línea- 9). Autobuses(32-30-71-N8). Fácil acceso a la M-30, M-40 y a la prolongación de O’Donnell, lo que permite llegar fácilmente al centro de la ciudad. Moratalaz, es uno de los barrios más seguros de la ciudad siendo un distrito con abundantes zonas verdes. Es una opción ideal para quienes buscan una vida tranquila y segura. “SI QUIERES QUE ESTA VIVIENDA SEA TU NUEVO HOGAR, LLÁMANOS Y TE AYUDAREMOS”.",True,good,False,False,4446.0,True,False,False,False,[],False,False,289000.0,€,flat,"Vinateros, Madrid",Piso en calle del Camino de los Vinateros,,,,,,,
109116975,https://img4.idealista.com/blur/480_360_mq/0/id.pro.es.image.master/7f/13/0a/1364903428.webp,,61,5,1725000.0,flat,sale,239.0,True,6,3,calle de Raimundo Fernández Villaverde,Madrid,Madrid,Tetuán,es,Cuatro Caminos,40.4462685,-3.6971605,False,https://www.idealista.com/inmueble/109116975/,"Exclusiva vivienda EXTERIOR REFORMADA en plena zona de Nuevos Ministerios - Chamberí. En el corazón del prestigioso barrio de Chamberí, a solo unos pasos de Nuevos Ministerios, El Corte Inglés, La Castellana y la animada calle Orense, se ubica esta espectacular vivienda exterior de 239 m² construidos, situada en la quinta planta de un edificio señorial y representativo con portero físico 24h. Una ubicación inmejorable que combina la tranquilidad de una zona residencial de alto nivel con la vitalidad y comodidad del centro de Madrid: rodeada de comercios, restaurantes, zonas verdes, colegios, y perfectamente conectada por metro (líneas 6, 8 y 10), autobuses y Cercanías Renfe. Distribución luminosa y funcional: La vivienda, totalmente exterior, cuenta con ventanas climalit en todas las estancias, lo que permite una luz natural constante durante todo el día. Su cómoda y elegante distribución incluye: 6 dormitorios con armarios empotrados 3 baños completos Gran salón principal con acceso directo a una de las 2 terrazas privadas Amplio pasillo central con armarios empotrados y gran capacidad de almacenaje Reforma de calidad y estilo elegante La propiedad ha sido reformada recientemente con materiales de primeras calidades. Destacan sus suelos de madera natural, detalles en mármol, carpintería de alta gama y acabados que aportan calidez, estilo y distinción. Es una vivienda lista para entrar a vivir, aunque también ofrece gran potencial de personalización si así se desea. Extras que marcan la diferencia Portero físico 24h / 365 días Ascensor Jardines comunitarios Trastero privado incluido Plaza de garaje en el mismo edificio incluida en el precio Ideal para familias exigentes o como inversión exclusiva Por su tamaño, ubicación y calidad, esta propiedad es perfecta tanto para una familia numerosa como para quien busca una residencia amplia y representativa en una de las zonas más cotizadas de Madrid. Reserve su visita.",False,good,False,True,7218.0,True,False,False,False,[],False,False,1725000.0,€,flat,"Cuatro Caminos, Madrid",Piso en calle de Raimundo Fernández Villaverde,True,True,,,,,
107205683,https://img4.idealista.com/blur/480_360_mq/0/id.pro.es.image.master/b1/2e/56/1306116504.webp,,27,2,2950000.0,flat,sale,335.0,True,4,5,Barrio Bernabéu-Hispanoamérica,Madrid,Madrid,Chamartín,es,Bernabéu-Hispanoamérica,40.4561112,-3.6901424,False,https://www.idealista.com/inmueble/107205683/,"Piso completamente reformado por el reconocido arquitecto Borja Puras totalmente exterior haciendo chaflán con plaza de garaje y trastero en el Paseo de la Castellana. Cuenta con 355 metros construidos y 291 útiles según catastro que se distribuyen de la siguiente manera: Hall de entrada con muchos armarios y aseo de visitas, salón en tres ambientes y comedor todo unido que ocupan más de 80 metros, gran dormitorio principal con baño y vestidor, dos dormitorios dobles de niños cada uno con su cuarto de baño en suite uno de ellos con bañera y el otro con ducha, cocina moderna y amplia totalmente equipada con isla y zona de office para desayunar, terraza tendedero que se podría incorporar a la cocina y gran dormitorio de servicio con cuarto de baño que podría segregarse y tener un dormitorio más de familia. La calefacción es central con contadores individuales y el aire acondicionado va por conductos regulables. La plaza de garaje no es fija y solo se dispone de ella en años alternos pero los que no se puede alquilar en el edificio. La comunidad también dispone en el parking de residentes otra plaza.",False,good,False,True,8806.0,True,False,False,False,[],False,False,2950000.0,€,flat,"Bernabéu-Hispanoamérica, Madrid",Piso,True,True,,,,,
107073485,https://img4.idealista.com/blur/480_360_mq/0/id.pro.es.image.master/0f/d4/e7/1302153388.webp,GTRE-02383,22,3,138000.0,flat,sale,71.0,True,2,1,calle de Peironcely,Madrid,Madrid,Puente de Vallecas,es,Entrevías,40.3839627,-3.6704712,False,https://www.idealista.com/inmueble/107073485/,"Oportunidad inversores inmueble sin posesión, no se puede visitar, ni dispone de financiación, a un precio inmejorable. Disponemos de una amplia cartera de inmuebles alquilados, ocupados, deuda, y locales en rentabilidad. Madrid es un municipio y una ciudad de españa. La localidad, con categoría histórica de villa, es la capital del estado y de la comunidad de madrid. En su término municipal, el más poblado de españa, su población es de 3 416 771 habitantes (ine 2024), constituyéndose como la segunda ciudad más poblada de la unión europea, así como su área metropolitana, con 6 779 888 habitantes empadronados.",False,good,False,True,1944.0,True,False,False,False,[],False,False,138000.0,€,flat,"Entrevías, Madrid",Piso en calle de Peironcely,,,,,,,
107966944,https://img4.idealista.com/blur/480_360_mq/0/id.pro.es.image.master/e8/5e/d5/1329723759.webp,AC-VP04,30,1,415000.0,flat,sale,119.0,True,3,2,avenida Ángel Saavedra,Madrid,Rivas-Vaciamadrid,Rivas Centro,es,,40.3516872,-3.5202048,False,https://www.idealista.com/inmueble/107966944/,"Urbanización privada, en una ubicación inmejorable. ¡VIVE EN EL PISO DE TUS SUEÑOS EN RIVAS! Ático C tiene el placer de presentarte en exclusiva esta maravillosa propiedad. Piso con terraza, 119 m² construidos, situado en una de las mejores zonas de Rivas, rodeado de servicios, colegios, comercios, ocio y perfectamente comunicado (metro y autobuses a pocos minutos). Necesita algunas mejoras estéticas, ideal para ponerlo a punto y revalorizarlo. Distribución que enamora: •Hall de entrada con armario de cortesía. •Gran salón-comedor unido a la cocina (se ha eliminado el tabique para crear un espacio amplio y diáfano, ideal para disfrutar en familia o con amigos). •Cocina, amueblada y equipada, con salida a una agradable terraza y tendedero cubierto. •Tres dormitorios muy espaciosos, todos con armarios empotrados. •Dos baños completos, uno de ellos en suite. Extras que marcan la diferencia: •Urbanización cerrada con piscina, zonas verdes, sala comunitaria y portero físico. •Entorno tranquilo y seguro, perfecto para familias. ¡No dejes pasar esta oportunidad única! Espacios amplios, zonas comunes para disfrutar todo el año y una ubicación privilegiada. � Contacta con nosotros en ÁTICO C y ven a conocer tu futuro hogar. ¡Te va a enamorar!",True,renew,False,True,3487.0,True,False,False,False,[],False,False,415000.0,€,flat,"Rivas Centro, Rivas-Vaciamadrid",Piso en avenida Ángel Saavedra,,,,,,,
105887968,https://img4.idealista.com/blur/480_360_mq/0/id.pro.es.image.master/e2/85/d8/1266037472.webp,04092024,22,,129000.0,chalet,sale,99.0,,3,2,Prádena del Rincón,Madrid,Prádena del Rincón,,es,,41.0451239,-3.538673,False,https://www.idealista.com/inmueble/105887968/,"BREM GLOBAL INMOBILIARIA PRESENTA casa adosada en Prádena del Rincón. Construida en el año 2000, sobre una parcela de 35 m², con 99 m² construidos en dos plantas más la buhardilla. Desde la planta baja a la que se accede al salón comedor a través de un pequeño recibidor, con mucha luz y ancho suficiente para estar cómodos, un aseo para visitas, la cocina amueblada muebles altos y bajos y equipada con electrodomésticos.  La planta alta con dos habitaciones, una doble y otra individual con armarios empotrados totalmente vestidos, un baño con bañera, la buhardilla con techo con velux de madera, totalmente terminada y diáfana, para poner maleteros.  El suelo de gres cerámico tipo rustico, toda la carpintería interior en madera de pino barnizada, la exterior en aluminio en bronce climalit y persianas a juego de aluminio hermético y rejas con cancela en puerta calle. Calefacción de gasoil Fachada revestida de piedra de Mangirón, La vivienda se entrega totalmente amueblada y equipada con todos los enseres del hogar, todo prácticamente nuevo dado su buen uso, cómoda y confortable, muy cuidada y se entrega totalmente amueblada y equipada. Pradena del Rincón pueblo enclavado en la Sierra del Rincón y Reserva Mundial de la Biosfera, a muy poco más de 80 kilómetros de Madrid. Lugar privilegiado para descansar y disfrutar de unas vistas espectaculares del Cordal del Alto de las Rozas y Peña del Águila ven a descubrirlo. Si deseas disfrutar de uno de los municipios con mayor encanto de la zona, no lo dude y …¡ VEN A VISITARLO!",True,good,False,,1303.0,True,False,True,False,[],False,False,129000.0,€,chalet,Prádena del Rincón,Casa independiente,,,independantHouse,,,,
108103010,https://img4.idealista.com/blur/480_360_mq/0/id.pro.es.image.master/90/68/e7/1351426848.webp,10437115,34,5,1300000.0,flat,sale,113.0,True,3,2,calle del Príncipe de Vergara,Madrid,Madrid,Barrio de Salamanca,es,Lista,40.4364715,-3.6781762,False,https://www.idealista.com/inmueble/108103010/,"Vivienda de tres dormitorios y 2 baños completamente renovada en edificio clásico del Barrio de Salamanca (principios del siglo XX), Puerta de acceso a vivienda con cerradura de alta seguridad. Altura de techos propia de los edificios clásicos de la época. Control de acceso en portal mediante cámara de grabación permanente y servicio de portería durante el día con recogida de basura. Ventanas con rotura de puente térmico, vidrio de seguridad y total aislamiento acústico y térmico. Reformada con todo lujo de detalles y altas calidades, uno de los mejores lugares de la capital para fijar su residencia. Cocina, separada del salón mediante cristalera en “jaula” de acero tratado, recepción del sonido de TV por bluetooth, así como de móvil u otro dispositivo mediante altavoces situados en el techo. Placa de inducción, horno pirolítico, microondas, lavadora, lavavajillas y campana extractora, todo ello a estrenar. Suelos de madera flotante en toda la vivienda. En baños y cocina, suelos cerámicos imitación madera. Persianas eléctricas en toda la vivienda con interruptores junto a la zona de descanso. Focos de seguridad en duchas. Reformada con todo lujo de detalles y altas calidades, uno de los mejores lugares de la capital para fijar su residencia.",True,good,False,True,11504.0,True,False,False,False,[],False,False,1300000.0,€,flat,"Lista, Madrid",Piso en calle del Príncipe de Vergara,,,,,,,
108522277,https://img4.idealista.com/blur/480_360_mq/0/id.pro.es.image.master/53/c9/32/1347489474.webp,4253,30,3,750000.0,flat,sale,90.0,False,3,2,calle del Doctor Castelo,Madrid,Madrid,Retiro,es,Ibiza,40.4200365,-3.6728787,False,https://www.idealista.com/inmueble/108522277/,"¡Descubre tu nuevo hogar en este espectacular piso en venta!  ALTOR ASESORES ofrece a la venta magnífica vivienda en una de las zonas más cotizadas de la capital. Las primeras tres fotografías son imágenes virtuales (renders) que muestran una propuesta de decoración alternativa para el inmueble. La vivienda cuenta con tres amplias habitaciones y dos baños, ideal para familias o para quienes buscan comodidad. La cocina, en excelente estado, está lista para que prepares tus mejores platos. La luminosidad natural inunda cada rincón gracias a su orientación Este-Oeste, creando un ambiente cálido y acogedor durante todo el día. Ubicado en una zona privilegiada, tendrás todos los servicios a tu alcance, desde supermercados hasta transporte público, facilitando tu día a día. Además, el edificio cuenta con ascensor y acceso adaptado para personas con movilidad reducida, garantizando la comodidad de todos sus residentes.  Este piso está listo para entrar a vivir, sin necesidad de reformas. Con calefacción eléctrica y una clase energética D, disfrutarás de un hogar eficiente y confortable.  No dejes pasar esta oportunidad única de vivir en un lugar que lo tiene todo.  ¡Ven a visitarlo y enamórate de tu nuevo hogar!",False,good,False,True,8333.0,False,False,False,False,[],False,False,750000.0,€,flat,"Ibiza, Madrid",Piso en calle del Doctor Castelo,,,,,,,
109175362,https://img4.idealista.com/blur/480_360_mq/0/id.pro.es.image.master/6d/eb/7e/1366495771.webp,,32,1,475000.0,flat,sale,90.0,False,3,2,CL VALDERRIBAS,Madrid,Madrid,Retiro,es,Pacífico,40.4035536,-3.6774474,False,https://www.idealista.com/inmueble/109175362/,"Precioso piso muy luminoso en la Calle Valderribas. La vivienda se distribuye, en una primera planta con ascensor, en tres dormitorios, dos baños, estando el baño principal en suite, salón y cocina independiente. La vivienda, como puede observarse en las fotografías, está muy cuidada. Calefacción y agua caliente centrales. Zona con muchos comercio de barrio, a escasos metros del mercado de pacífico, y con muy buenas comunicaciones de metro y líneas de autobuses.",False,good,False,True,5278.0,False,False,False,False,[],False,False,475000.0,€,flat,"Pacífico, Madrid",Piso en CL Valderribas,,,,,,,
108364370,https://img4.idealista.com/blur/480_360_mq/0/id.pro.es.image.master/b2/dd/71/1355160490.webp,2001/20010016/12,39,1,485000.0,flat,sale,110.0,True,2,2,Vega de la Moraleja,Madrid,San Sebastián de los Reyes,Vega de la Moraleja,es,,40.5412732,-3.6173892,False,https://www.idealista.com/inmueble/108364370/,"""ESTUPENDA VIVIENDA EN VENTA Excelente vivienda de dos dormitorios y dos baño. Se encuentra en la 1ª planta de un edificio residencial. Cuenta con dos plazas de garaje y trastero. Dispone de ascensor. Situado en La Hoya Moscatelares en el distrito de San Sebastián De Los Reyes Ciudad. La vivienda se distribuye en dos dormitorios, armarios empotrados, salón-comedor con acceso a terraza y jardín, cocina independiente y dos baños. Cuenta con cocina amueblada y equipada con muebles altos y bajos, vitrocerámica, horno y campana extractora. Dispone de calefacción y aire acondicionado. Dispone de piscina. Se encuentra ubicado en San Sebastián De Los Reyes Ciudad, Sureste de San Sebastián de los Reyes. Cuenta con fácil acceso a través de las principales carreteras y buenas comunicaciones por transporte público. La parada de autobús más cercana se encuentra a menos de 10 minutos andando.    En su entorno existen viviendas plurifamiliares de similares características. La zona cuenta con todo tipo de servicios básicos, el colegio más cercano se encuentra a 300 metros.    La zona cuenta con una amplia oferta de entretenimiento con un cine, múltiples parques, bares, restaurantes y comercios a pocos minutos de la vivienda. En cuanto al transporte privado, la zona dispone de parkings privados, 3 parkings públicos y aparcamiento en la calle. La vivienda tiene un fácil acceso por carretera y está bien comunicado a través de la Autovía del Norte, Paseo de Europa y la Avenida Matapiñoneras. Estado de la vivienda: vacante"".",True,good,False,True,4409.0,True,False,True,False,[],False,False,485000.0,€,flat,"Vega de la Moraleja, San Sebastián de los Reyes",Piso,True,True,,,,,
108723469,https://img4.idealista.com/blur/480_360_mq/0/id.pro.es.image.master/96/d5/d4/1353215673.webp,,20,1,1550000.0,flat,sale,192.0,True,5,3,calle de Diego de León,Madrid,Madrid,Barrio de Salamanca,es,Lista,40.4333206,-3.6790451,False,https://www.idealista.com/inmueble/108723469/,"SALAMANCA Piso para reforma integral, con muchas posibilidades, semiesquina a Príncipe de Vergara 192m2 en Catastro (165 + 27m2) Tiene 3 ventanales a Diego de León. Actualmente distribuido en amplio salón comedor, cocina con tendedero. Dormitorio principal en suite, otros 4 dormitorios con 2 cuartos de baño. Techos de 2.80m. Garaje en edificio de enfrente Trastero Portero Gastos comunidad 320€ incluye calefacción central IBI 1.600€ Gas natural. Piso para reforma integral, con muchas posibilidades, semiesquina a Príncipe de Vergara 192m2 en Catastro (165 + 27m2) Tiene 3 ventanales a Diego de León. Actualmente distribuido en amplio salón comedor, cocina con tendedero. Dormitorio principal en suite, otros 4 dormitorios con 2 cuartos de baño. Techos de 2.80m. Garaje en edificio de enfrente Trastero Portero Gastos comunidad 320€ incluye calefacción central IBI 1.600€ Gas natural.",True,renew,False,True,8073.0,True,False,False,False,[],False,False,1550000.0,€,flat,"Lista, Madrid",Piso en calle de Diego de León,True,True,,,,,
108884556,https://img4.idealista.com/blur/480_360_mq/0/id.pro.es.image.master/62/d6/7b/1357899445.webp,VIVSENAG002,27,,310000.0,chalet,sale,125.0,,4,3,Navalagamella,Madrid,Navalagamella,,es,,40.4717401,-4.122605,False,https://www.idealista.com/inmueble/108884556/,,False,good,False,,2480.0,False,False,False,False,[],False,False,310000.0,€,chalet,Navalagamella,Chalet adosado,,,terracedHouse,320000.0,10000.0,3.0,
108368295,https://img4.idealista.com/blur/480_360_mq/0/id.pro.es.image.master/9d/51/da/1342019138.webp,2201/22010039/38,27,5,430000.0,flat,sale,67.0,True,1,1,Barrio Legazpi,Madrid,Madrid,Arganzuela,es,Legazpi,40.3890393,-3.6926864,False,https://www.idealista.com/inmueble/108368295/,"""ESTUPENDA VIVIENDA EN VENTA Excelente vivienda de un dormitorio y un baño. Se encuentra en la 5ª planta de un edificio residencial. y cuenta con trastero. Dispone de ascensor. Situado en LEGAZPI en el distrito de Arganzuela. La vivienda se distribuye en un dormitorio, armarios empotrados, salón-comedor con acceso a jardín, cocina independiente y un baño. Cuenta con cocina amueblada y equipada con muebles altos y bajos, vitrocerámica, horno, campana extractora, nevera, microondas, lavavajillas y lavadora. Dispone de aire acondicionado. Dispone de piscina. Se encuentra ubicado en Legazpi, Arganzuela (Sureste de Madrid). Cuenta con fácil acceso a través de las principales carreteras y buenas comunicaciones por transporte público. La parada de metro más cercana es Legazpi y se encuentra a menos de 10 minutos andando. La parada de autobús más cercana es Plaza de Italia y se encuentra a menos de 5 minutos andando. En su entorno existen viviendas plurifamiliares de similares características. La zona cuenta con todo tipo de servicios básicos, existen 5 farmacias a menos de 300 metros. Además, a menos de 500 metros también puedes encontrar 3 supermercados, 4 bancos, una comisaría de policía. La zona cuenta con una amplia oferta de entretenimiento con un cine, 2 gimnasios, 16 parques, bares, restaurantes y comercios a pocos minutos de la vivienda. En cuanto al transporte privado, la zona dispone de parkings privados, 3 parkings públicos y aparcamiento en la calle. La vivienda tiene un fácil acceso por carretera y está bien comunicado a través de la Calle 30, Plaza Italia y la Calle de Embajadores.  Estado de la vivienda: vacante"".",True,good,False,True,6418.0,True,False,True,False,[],False,False,430000.0,€,flat,"Legazpi, Madrid",Piso,,,,,,,
108635777,https://img4.idealista.com/blur/480_360_mq/0/id.pro.es.image.master/df/24/b5/1350608688.webp,SD10261,21,2,321000.0,flat,sale,73.0,True,1,1,CL CANENCIA DE LA SIERRA,Madrid,Madrid,Villa de Vallecas,es,Ensanche de Vallecas - La Gavia,40.3663458,-3.6204661,False,https://www.idealista.com/inmueble/108635777/,"Amplia vivienda de 1 dormitorio, situada en la 2ª planta con terraza de 8 m2. Se distribuye en hall de entrada con armario empotrado, cocina independiente con tendedero, salón comedor, cuarto de baño en suite con bañera de hidromasaje y dormitorio principal con armario empotrado vestido. Cocina amueblada con muebles altos y bajos, equipada con todos los electrodomésticos. Aire acondicionado centralizado, calefacción por radiadores y agua caliente mediante gas natural. Acabados con solado de tarima flotante en hall, salón y dormitorio, gres en cuarto de baño y cocina. Acceso a la vivienda con puerta principal blindada y video portero.  Todas las dependencias son exteriores y salón con gran ventanal. Se incluye plaza de garaje y trastero. La urbanización es privada con acceso controlado por conserjería y dispone de piscina comunitaria, parque infantil, gimnasio y zonas ajardinadas. Situada en el ensanche de Vallecas, zona residencial de reciente creación, diseñada con amplias avenidas, zonas verdes y parques. Cercana al metro de La Gavia (Línea 1) y comunicada con autobuses urbanos e interurbanos. Cuenta con todo tipo de servicios en las proximidades: Centro de Salud Ensanche de Vallecas, Supermercados Aldi y Mercadona, farmacias, oficinas bancarias, bares y restaurantes. Colegio público bilingüe Agustín Rodríguez Sahagún y Escuela Infantil Rayuela.",False,good,False,True,4397.0,True,False,False,False,[],False,False,321000.0,€,flat,"Ensanche de Vallecas - La Gavia, Madrid",Piso en CL Canencia De La Sierra,True,True,,,,,Destacado
108504374,https://img4.idealista.com/blur/480_360_mq/0/id.pro.es.image.master/5f/54/91/1346864190.webp,2001/20010002/1,47,4,229000.0,flat,sale,59.0,True,3,1,Barrio Zona Renfe,Madrid,Alcorcón,Centro,es,Zona Renfe,40.3440258,-3.8315892,False,https://www.idealista.com/inmueble/108504374/,"""ESTUPENDA VIVIENDA EN VENTA Excelente vivienda de tres dormitorios y un baño. Se encuentra en la 4ª planta de un edificio residencial. Dispone de ascensor. Situado en ZONA RENFE en el distrito de Sur. La vivienda se distribuye en tres dormitorios, armarios empotrados, salón-comedor con acceso a terraza, cocina independiente y un baño. Cuenta con cocina amueblada y equipada con muebles altos y bajos, vitrocerámica, horno y campana extractora. Dispone de suelos de gres en cocina, baño y en el resto de estancias. Se encuentra ubicado en Sur, Noroeste de Alcorcón. Cuenta con fácil acceso a través de las principales carreteras y buenas comunicaciones por transporte público. La parada de metro más cercana es Alcorcón Central y se encuentra a menos de 10 minutos andando. La parada de autobús más cercana es Cáceres - Iglesia y se encuentra a menos de 5 minutos andando. La parada de taxi más cercana se encuentra a menos de 10 minutos andando.  En su entorno existen viviendas plurifamiliares de similares características. La zona cuenta con todo tipo de servicios básicos, el hospital más cercano se encuentra a 250 metros, existen 5 farmacias a menos de 300 metros. Además, a menos de 500 metros también puedes encontrar 8 supermercados. La zona cuenta con una amplia oferta de entretenimiento con un teatro, 10 parques, un centro cultural, bares, restaurantes y comercios a pocos minutos de la vivienda. En cuanto al transporte privado, la zona dispone de parkings privados, 3 parkings públicos y aparcamiento en la calle. La vivienda tiene un fácil acceso por carretera y está bien comunicado a través de la Autovía del Suroeste, Avenida de Móstoles. Estado de la vivienda: vacante    Asociado al colegio de Apis con el número ANPIFF-1452, Nº de registro Aicat 8714"".",True,good,False,True,3881.0,True,False,True,False,[],False,False,229000.0,€,flat,"Zona Renfe, Alcorcón",Piso,,,,,,,
108598819,https://img4.idealista.com/blur/480_360_mq/0/id.pro.es.image.master/07/fa/2d/1349582292.webp,2001/20010016/8,23,2,210000.0,flat,sale,50.0,True,2,1,Centro Urbano,Madrid,San Sebastián de los Reyes,Centro Urbano,es,,40.5509496,-3.6236882,False,https://www.idealista.com/inmueble/108598819/,"""ESTUPENDA VIVIENDA EN VENTA Excelente vivienda de dos dormitorios y un baño. Se encuentra en la 2ª planta de un edificio residencial. No dispone de ascensor. Situado en CENTRO URBANO en el distrito de San Sebastian De Los Reyes Ciudad. La vivienda se distribuye en dos dormitorios, armarios empotrados, salón-comedor, cocina independiente y un baño. Cuenta con cocina amueblada y equipada con muebles altos y bajos, vitrocerámica, horno y campana extractora. Dispone de suelos de gres en cocina y baño y tarima en el resto de estancias. Dispone de calefacción. Se encuentra ubicado en San Sebastian De Los Reyes Ciudad, Noreste de San Sebastian de los Reyes. Cuenta con fácil acceso a través de las principales carreteras y buenas comunicaciones por transporte público. La parada de metro más cercana es Reyes Catolicos y se encuentra a menos de 5 minutos andando. La parada de autobús más cercana se encuentra a menos de 5 minutos andando.  En su entorno existen viviendas plurifamiliares de similares características. La zona cuenta con todo tipo de servicios básicos, el centro de salud más cercano se encuentra a 730 metros. Además, a menos de 500 metros también puedes encontrar 2 supermercados, 3 bancos, una comisaría de policía. La zona cuenta con una amplia oferta de entretenimiento con un teatro, múltiples parques, bares, restaurantes y comercios a pocos minutos de la vivienda.  En cuanto al transporte privado, la zona dispone de parkings privados y aparcamiento en la calle. La vivienda tiene un fácil acceso por carretera y está bien comunicado a través de la Autovia del Norte, Avenida de Europa y la Avenida Reyes Catolicos.  Estado de la vivienda: vacante"".",True,good,False,False,4200.0,True,False,True,False,[],False,False,210000.0,€,flat,"Centro Urbano, San Sebastián de los Reyes",Piso,,,,,,,
107963403,https://img4.idealista.com/blur/480_360_mq/0/id.pro.es.image.master/61/81/37/1329624592.webp,,52,,539000.0,chalet,sale,224.0,,3,3,calle Mariano José de Larra,Madrid,Alcalá de Henares,Ensanche,es,,40.500913,-3.3638271,False,https://www.idealista.com/inmueble/107963403/,"¡Descubre este exclusivo chalet adosado en venta en Alcalá de Henares! Situado en una de las zonas más demandadas, este hogar ofrece una combinación perfecta de comodidad y estilo. Con una superficie construida de 224 m², este chalet, edificado en 2005 y con mejoras recientes, cuenta con todas las comodidades que necesitas. Desde el aire acondicionado en el salón y las habitaciones y buhardilla, hasta una moderna cocina llena de luz natural, cada rincón ha sido diseñado pensando en tu bienestar. La planta baja te recibe con un amplio y luminoso salón independiente, ideal para disfrutar de momentos en familia. Además, dispone de un acogedor patio de aproximadamente 30 m², perfecto para relajarte al aire libre. En esta misma planta, encontrarás, cocina moderna muy luminosa con los electrodomésticos integrados, un aseo y un práctico armario empotrado. La primera planta alberga tres habitaciones (anteriormente cuatro), todas con armarios empotrados revestidos, y dos baños, uno de ellos en suite con plato de ducha y bañera de hidromasaje. La buhardilla, totalmente aislada y con paneles de madera, es un espacio versátil que puede convertirse en sala de juegos o zona de trabajo. También cuenta con una habitación de lavadero en la planta baja y una plaza de garaje con capacidad para dos vehículos. No pierdas la oportunidad de vivir en un entorno rodeado de servicios esenciales como centros médicos, colegios, supermercados y parques. ¡Este chalet es el hogar que estabas esperando!",True,good,False,,2406.0,True,False,False,False,[],False,False,539000.0,€,chalet,"Ensanche, Alcalá de Henares",Chalet adosado en calle Mariano José de Larra,True,True,terracedHouse,,,,
108790681,https://img4.idealista.com/blur/480_360_mq/0/id.pro.es.image.master/07/f3/df/1355209087.webp,,24,6,420000.0,flat,sale,60.0,True,3,1,calle de Bravo Murillo,Madrid,Madrid,Tetuán,es,Cuzco-Castillejos,40.456175,-3.7022852,False,https://www.idealista.com/inmueble/108790681/,"'Agencia inmobiliaria MADRID INFANTA MERCEDES - CUZCO Oficina TECNOCASA VENDE piso en calle BRAVO MURILLO` Con una superficie de 60 m2, este piso en planta sexta exterior ofrece un espacio acogedor y funcional. La vivienda cuenta con tres dormitorios bien distribuidos ( con armarios empotrados), ideales para el descanso y la privacidad. Además, dispone de un baño completo, proporcionando comodidad para el día a día, un salón luminoso y cocina independiente. Edificio con Portero físico y construido en 1950, esta propiedad combina el encanto de la arquitectura clásica con las comodidades modernas. La distribución del espacio está pensada para aprovechar al máximo cada rincón, ofreciendo un ambiente cálido y acogedor. La ubicación es inmejorable, con fácil acceso a servicios, transporte y zonas de ocio, lo que hace de este piso una opción atractiva para quienes buscan vivir en una zona céntrica y bien conectada. Orientación Este-Oeste, calefacción individual de gas. No pierdas la oportunidad de hacer de este lugar tu nuevo hogar.",False,renew,False,True,7000.0,True,False,False,False,[],False,False,420000.0,€,flat,"Cuzco-Castillejos, Madrid",Piso en calle de Bravo Murillo,,,,,,,
109095554,https://img4.idealista.com/blur/480_360_mq/0/id.pro.es.image.master/18/a7/63/1364229194.webp,Toja dúplex,24,3,395000.0,duplex,sale,130.0,True,5,3,calle Isla de la Toja,Madrid,Collado Villalba,Parque de la Coruña - Las Suertes,es,,40.6207891,-4.0074204,False,https://www.idealista.com/inmueble/109095554/,"Agencia inmobiliaria de COLLADO VILLALBA - zona PARQUE DE LA CORUÑA vende Este espectacular dúplex reformado es la opción perfecta para quienes buscan comodidad y estilo. Esta propiedad ha sido transformada para ofrecer un espacio moderno y acogedor. Originalmente de 4 dormitorios, ahora cuenta con 3 amplias habitaciones, una de ellas con vestidor, ideal para disfrutar de un ambiente más espacioso. La cocina luminosa, es el lugar perfecto para compartir momentos en familia. El amplio salón, también reformado y con salida a terraza, te permitirá disfrutar de la luz natural y vistas agradables. Además, cuenta con dos cuartos de baño completamente renovados, uno de ellos en suite, garantizando la máxima comodidad. Las zonas comunes son perfectas para toda la familia. Podrás disfrutar de una piscina reformada hace 3 años y una zona infantil donde los más pequeños podrán jugar y divertirse. La propiedad incluye una plaza de garaje, todo en un edificio con ascensor. Ubicado en la tercera planta con orientación sur, este dúplex ofrece luminosidad durante todo el día. No pierdas la oportunidad de vivir en un entorno tranquilo y familiar, ¡este es el hogar que estabas buscando!",False,good,False,True,3038.0,False,False,False,False,[],False,False,395000.0,€,flat,"Parque de la Coruña - Las Suertes, Collado Villalba",Dúplex en calle Isla de la Toja,True,True,duplex,419000.0,24000.0,6.0,
105606104,https://img4.idealista.com/blur/480_360_mq/90/id.pro.es.image.master/a3/7b/b7/1241468526.webp,,42,,1790000.0,chalet,sale,459.0,,4,5,avenida del Tomillar,Madrid,Torrelodones,Los Peñascales,es,El Monte,40.5729366,-3.8946193,False,https://www.idealista.com/inmueble/105606104/,"Espectacular Villa de Diseño vistas impresionantes con calidades de lujo terminada en 2023 *No se cobra comisión de agencia. Este exclusivo villa de 4 dormitorios y 5 baños  La villa destaca por su amplitud y diseño moderno. La integración del salón, comedor y cocina crea un espacio diáfano que facilita la comunicación entre las diferentes áreas, ideal para un estilo de vida social. En su interior, la vivienda ofrece un espacio moderno y luminoso con unos grandes ventanales, con una paleta de tonos neutros junto con materiales funcionales, que brindan una sensación de tranquilidad y amplitud, con una gran terraza se integra armoniosamente, flanqueada por árboles que añaden un toque de naturaleza al entorno. Espectacular Terraza con piscina climatizada tiene 80 m2 aproximadamente  la casa dispone de aerotermia frío y calor por suelo.",False,good,False,,3900.0,True,False,False,False,[],False,False,1790000.0,€,chalet,"El Monte, Torrelodones",Casa independiente en avenida del Tomillar,True,True,independantHouse,,,,
108450721,https://img4.idealista.com/blur/480_360_mq/0/id.pro.es.image.master/4b/f4/98/1345285324.webp,,27,1,399000.0,flat,sale,42.0,True,1,1,calle de Barcelona,Madrid,Madrid,Centro,es,Sol,40.4149742,-3.7035847,False,https://www.idealista.com/inmueble/108450721/,"PISO A LA VENTA EN PLENO CENTRO DE MADRID!  CON UNA UBICACION INMEJORABLE!  A pocos metros de la PUERTA DEL SOL, rodeado de todo tipo de negocios, museos, teatros, ocio, terrazas, comercio, restaurantes y mucho mas.  Con parkings y transporte público cercano para que puedas desplazarte por la ciudad.  CON UNA RENTABILIDAD DE UN 11% ANUAL (demostrable). Este piso cuenta con una reciente reforma completa y con todo el mobiliario nuevo (demostrable con facturas). Está hecho con mucho gusto y a capricho, todo al detalle y bien distribuido para poder aprovechar cada metro cuadrado.  Un recibidor con armario despensa al entrar.  Salón con balcón y ventanas nuevas de aluminio con doble acristalamiento para insonorizar el ruido externo.  Cocina equipada con nevera, microondas, vitro, campana, lavadora-secadora y todo el menaje necesario para el día a día.  Un rincón comedor muy acogedor.  Una habitación con un gran armario empotrado de pared a pared.  Un amplio baño para mayor comodidad.  El aire acondicionado y el gas cambiados recientemente con la obra.  El edificio cuenta con ascensor.    GRAN OPORTUNIDAD DE INVERSION; tanto para sacarle rentabilidad desde el primer día o como vivienda habitual, ya que está totalmente preparada y lista para ser utilizada.  Si desea mas información o hacer una vista al inmueble NO DUDE EN CONTACTAR CON NOSOTROS  Inmobiliaria Ideal Homes ofrece soluciones a las necesidades de cada uno de sus clientes con el objetivo de conseguir su satisfacción y confianza. SERVICIOS INMOBILIARIOS SOLUCIONES INMOBILIARIAS.",True,good,False,True,9500.0,True,False,False,False,[],False,False,399000.0,€,flat,"Sol, Madrid",Piso en calle de Barcelona,,,,,,,
108538125,https://img4.idealista.com/blur/480_360_mq/0/id.pro.es.image.master/8f/3f/70/1347855515.webp,VMF21 - EDUARDO MARQUINA (7),20,2,305000.0,flat,sale,72.0,True,3,1,calle de Eduardo Marquina,Madrid,Madrid,Carabanchel,es,Comillas,40.3921856,-3.7111902,False,https://www.idealista.com/inmueble/108538125/,"VIVIENDA MADRID ofrece piso de tres habitaciones, excelente distribución, con ascensor, totalmente exterior y muy bien comunicado, situado en calle residencial y comercial. La finca está en excelente estado y cuenta con dos ascensores. La vivienda consta de una cocina equipada, baño completo, salón grande, un dormitorio grande y dos pequeños y calefacción individual de gas natural. La propiedad se encuentra cerca de Madrid Río, concretamente en el Barrio de Comillas,   que es bien conocido por estar muy bien comunicado: a 7 minutos andando del Metro Marqués de Vadillo (L-5, Gran Vía), a tan solo 15 minutos andando del Metro e intercambiador interurbano de Plaza Elíptica (L-6, L-11 y dispone de varias líneas de autobuses como el 116, 55, 60, E1, N17. A 3 minutos andando, también, de la futura boca de Metro de Comillas (ampliación de la L11), actualmente en construcción, y que conectará con Atocha, Conde de Casal y Aeropuerto. Tiene salida directa a las autovías principales a través del Paseo de Santa María de la Cabeza y Antonio Leyva (A42, M30 y M40) y a través de la Calle Antonio López (M30, A4). También cuenta con entrada directa en automóvil al centro de Madrid, a través del Paseo de Santa María de la Cabeza – Paseo del Prado. El barrio Comillas ofrece una amplia gama de servicios, desde variedad de supermercados (a menos de 150 m del inmueble: (DIA, Carrefour…), comercios, farmacias, bancos, colegios públicos y privados, iglesias, instalaciones deportivas, hoteles, hasta una selección de buenos bares y restaurantes de Madrid. Para más información y visitas no dude en contactar con nuestra oficina comercial en calle Eduardo Marquina Nº10, (Plaza de la Inmaculada Concepción) teléfono .",False,good,False,True,4236.0,True,False,False,False,[],False,False,305000.0,€,flat,"Comillas, Madrid",Piso en calle de Eduardo Marquina,,,,,,,
108536695,https://img4.idealista.com/blur/480_360_mq/0/id.pro.es.image.master/bb/bd/18/1348422733.webp,,37,,380000.0,chalet,sale,182.0,,4,3,CL LAGUNA DE SAN JUAN,Madrid,Parla,Laguna Park,es,,40.2513213,-3.7663803,False,https://www.idealista.com/inmueble/108536695/,"Precioso chalet de esquina, junto a la carretera de Toledo y a la entrada de Parla. La vivienda es muy luminosa con bonitas vistas y en una zona muy tranquila. Dispone de tres plantas: la planta sótano tiene garaje para un coche con rampa de acceso, trasteros y salón-dormitorio, dispone esta planta de calefacción. En la planta baja a la que se accede mediante escalones desde la calle, dispone de una cocina grande exterior a fachada, baño-aseo, armario empotrado y salón independiente con salida a patio de unos sesenta metros cuadrados, aprox. En la planta primera dispone de tres dormitorios, el principal con baño y vestidor y orientación al patio trasero y otros dos dormitorios grandes con armarios empotrados a fachada con vistas. La vivienda está en buenísimo estado. Tiene calefacción, Split de aire acondicionado. Cocina amueblada. Para entrar a vivir. En proceso de descalificación. Dispone de pozo de evacuación de agua para evitar acumulaciones de agua en el sótano.",False,good,False,,2088.0,True,False,False,False,[],False,False,380000.0,€,chalet,"Laguna Park, Parla",Chalet adosado en CL Laguna De San Juan,True,True,terracedHouse,,,,
108620806,https://img4.idealista.com/blur/480_360_mq/0/id.pro.es.image.master/e3/dd/c4/1350186114.webp,,41,4,1400000.0,flat,sale,212.0,True,4,4,"CL PRECIADOS, 34",Madrid,Madrid,Centro,es,Sol,40.4197736,-3.7066749,True,https://www.idealista.com/inmueble/108620806/,"Agencia inmobiliaria de MADRID - zona SOL - CALLE PRECIADOS 34 - GRAN VIA - CENTRO HISTORICO MADRID    Consultoría Inmobiliaria Cortés SL ofrece en venta ¡Oportunidad única en el corazón de Madrid!  Te presentamos este encantador piso de 178 m² construidos, DIVIDIDO EN 4 VIVIENDAS INDEPENDIENTES, ubicado en una finca con conserje y ascensor.  IDEAL PARA INVERSORES QUE BUSQUEN ALTA RENTABILIDAD Cada piso se distribuye, pasillo, 1 dormitorio, salón con cocina americana y baño con plato de ducha, todo en buen estado, el balcón se encuentra en el Salón que ofrece vistas a la conocida calle Preciados, permitiéndote disfrutar de la vibrante vida cultural de la ciudad desde la comodidad de tu hogar. Este inmueble se encuentra en buen estado y dispone de armarios empotrados, aire acondicionado y calefacción por bomba de frío/calor, garantizando tu confort durante todo el año.  La ubicación es simplemente inmejorable: a solo escasos pasos de las bocas de metro Santo Domingo, Callao, Sol, Gran Vía, a menos de 10 minutos del Teatro Real y del majestuoso Palacio Real. Además, la icónica Plaza Mayor está muy cercana, ofreciéndote una experiencia única en una de las zonas más emblemáticas de Madrid. No pierdas la oportunidad de vivir en este maravilloso piso exterior, situado en la tercera planta de un edificio con ascensor. Ideal tanto para familias como para inversores que buscan una propiedad en una ubicación privilegiada. ¡Contacta con nosotros y ven a visitarlo!",False,good,False,True,6604.0,True,False,False,False,[],False,False,1400000.0,€,flat,"Sol, Madrid","Piso en CL Preciados, 34",,,,,,,
108924651,https://img4.idealista.com/blur/480_360_mq/0/id.pro.es.image.master/17/33/1d/1359106687.webp,MD3D01V03,29,bj,130000.0,flat,sale,74.0,True,2,1,calle Ezequiel Peñalver,Madrid,Madrid,Barajas,es,Aeropuerto,40.4488843,-3.5529376,False,https://www.idealista.com/inmueble/108924651/,"¡MAGNÍFICA OPORTUNIDAD PARA INVERSORES! Vivienda en buen estado de conservación, próxima al Aeropuerto de Barajas y polígonos industriales de la A-2, en la calle Ezequiel Peñalver, planta baja, exterior. ***VIVIENDA NO FINANCIABLE POR LA MAYORÍA DE LOS BANCOS POR ITE DESFAVORABLE*** 74 m2 construidos distribuidos en: amplio salón, cocina independiente amueblada, dos dormitorios espaciosos, y cuarto de baño con plato de ducha y ventana de ventilación.  No lo dude, contacte con nosotros y concierte una visita con nuestros asesores. VENETA Inmobiliaria es una agencia especializada en la venta de viviendas con más de 25 años de experiencia en la intermediación de compra-venta de inmuebles y asesoramiento inmobiliario.  Síguenos en las redes y entérate el primero de los pisos que salen a la venta: fb: Veneta Inmobiliaria ig: veneta_grupo_inmobiliario.",True,good,False,False,1757.0,False,False,False,False,[],False,False,130000.0,€,flat,"Aeropuerto, Madrid",Piso en calle Ezequiel Peñalver,,,,,,,
108734505,https://img4.idealista.com/blur/480_360_mq/0/id.pro.es.image.master/0b/79/e1/1353581341.webp,MOI65.2,25,1,1500000.0,flat,sale,234.0,True,4,3,La Moraleja urbanización,Madrid,La Moraleja,La Moraleja urbanización,es,,40.5052756,-3.6067822,False,https://www.idealista.com/inmueble/108734505/,"MO Inmobiliaria presenta este precioso Piso situado dentro de una exclusiva urbanización en La Moraleja, con seguridad 24 horas, gimnasio, sala de baile, zona de juegos, amplias zonas comunes con jardín, cuatro piscinas exteriores y una interior, zona coworking y spa. La vivienda cuenta con una distribución en una sola planta con el hall de entrada, aseo de cortesía, cocina totalmente equipada con zona de office y un amplio salón comedor con acceso a una agradable terraza con vistas despejadas a la urbanización. La zona de descanso tiene cuatro dormitorios, dos de ellos con baño en suite y el resto comparten un baño. La vivienda cuenta con sistema de domótica, calefacción por aerotermia gas natural y aire acondicionado por conductos, dos plazas de garaje y un trastero. Rodeada por amplias zonas verdes, La Moraleja cuenta con la mayor oferta de colegios privados e internacionales del país, junto con una magnífica oferta gastronómica y de ocio, entre los que destacan clubes de tenis y campos de golf. Además de centros médicos y comerciales. La seguridad en la zona es su prioridad, por ello cuenta con sistemas de vigilancia 24h, con una amplia instalación de cámaras, garantizando así un alto nivel de seguridad.",True,good,False,True,6410.0,True,False,False,False,[],False,False,1500000.0,€,flat,"La Moraleja urbanización, La Moraleja",Piso,True,True,,,,,
108688802,https://img4.idealista.com/blur/480_360_mq/0/id.pro.es.image.master/41/bf/e8/1352204433.webp,,17,3,240000.0,flat,sale,76.0,True,3,1,calle de Valle Inclán,Madrid,Madrid,Latina,es,Águilas,40.3793297,-3.7730371,False,https://www.idealista.com/inmueble/108688802/,"TECNOCASA ESTUDIO SAN IGNACIO XXI - ZONA LAS AGUILAS - SAN IGNACIO - CUATRO VIENTOS. 'KIRON (FINANCIACIÓN HASTA 100%). VENDE. ' Vivienda de 3 dormitorios para actualizar, salón amplio y luminoso, baño compuesto por bañera, inodoro, lavabo y bidé. Cocina con muebles altos y bajos. Puertas de madera, ventanas aluminio con contraventanas de aluminio. Terraza cerrada. Calefacción electrica. La finca contiene ascensor. A menos de 500m de la finca se encuentra una zona comercial con supermercado, gasolineras y comercios. Cerca de la finca tenemos; Renfe Las Águilas y metro Aviación Española, parada de autobús 366 (39, 139, 34, 17, 117, N19). Conexión M-40 a 3 minutos y A-5 a 2 minutos. Centro de salud Valle Inclán. Barrio tranquilo con muchas zonas verdes y calles amplias.",False,good,False,True,3158.0,False,False,False,False,[],False,False,240000.0,€,flat,"Águilas, Madrid",Piso en calle de Valle Inclán,,,,250000.0,10000.0,4.0,
106127450,https://img4.idealista.com/blur/480_360_mq/0/id.pro.es.image.master/2c/47/2b/1275095922.webp,ALC007,18,8,350000.0,penthouse,sale,85.0,True,2,2,calle Fuente Cisneros,Madrid,Alcorcón,Parque oeste - Fuente Cisneros,es,Parque oeste - Fuente Cisneros,40.3399776,-3.8543331,False,https://www.idealista.com/inmueble/106127450/,"- Fuente Cisneros- Grupo Inmobiliario Ares vende en Alcorcón, Calle Fuente Cisneros, ático duplex de 85 m2 construidos, compuesto por 2 dormitorios, 2 baños (1 en suite), cocina y salón con acceso a terraza abierta de 10 m2 con pérgola. El precio incluye trastero grande y plaza de garaje con acceso directo desde el ascensor. Piso en muy buen estado para entrar a vivir, pintura lisa, armarios empotrados, aire acondicionado por conductos y muy luminoso. Urbanización privada con piscina, zonas comunes, pista de Padel, gimnasio y portero físico 24h. Dispone de parada de autobús en la puerta de la urbanización, colegios, guardería y farmacia en el barrio * Este anuncio no es contractual y puede contener errores* Solicite visita sin compromiso. Grupo Inmobiliario Ares, fue fundado hace más de una década y dirigida por profesionales del sector inmobiliario con más de 20 años de trayectoria. Desde el inicio nos basamos en una única idea: aplicar las mejores técnicas de venta, haciendo suyas los fundamentos de honradez, integridad y ética. Nuestra política de mejora diaria está en conocer y analizar el grado de satisfacción de cada unos de nuestros clientes. Por eso nuestro compromiso personal es garantizarle su tranquilidad en todas las fases de la compraventa. Confíe la compra de su nueva casa a Grupo Inmobiliario Ares, teniendo a su disposición la empresa más profesional y eficaz del sector, según clientes, con un método de trabajo único e innovador. Siendo una de las pocas inmobiliarias que han crecido en estos últimos años, tanto en volumen de empleados contratados como en operaciones realizadas. Bienvenido a casa. [IW].",False,good,False,True,4118.0,False,False,False,False,[],False,False,350000.0,€,flat,"Parque oeste - Fuente Cisneros, Alcorcón",Ático en calle Fuente Cisneros,True,True,penthouse,,,,
108931077,https://img4.idealista.com/blur/480_360_mq/0/id.pro.es.image.master/2c/87/7f/1359294613.webp,br-ad-2001,71,,338000.0,chalet,sale,245.0,,4,2,carretera Cervera a Buitrago,Madrid,El Berrueco,,es,,40.8943956,-3.5527055,False,https://www.idealista.com/inmueble/108931077/,"""FRENTE AL ATAZAR"" Chalet Adosado. Año 2014. PARA ENTRAR A VIVIR. Semi-nuevo. Muy poco uso. VISTAS AL EMBLASE. Casco Urbano. Finca Urbana. Libre de cargas. Alarma. Construcción a base de hormigón y muros de carga. Piedra de la zona. Muros de 50 cm. Excelentes aislamientos. Ventanas en PVC Imitación Madera (4/18/4). Puertas interiores en madera maciza. Suelos en gres de primera. Pintura lisa. Techos con vigas de madera natural y bovedillas cerámica. Calefacción individual de Gasoil. DISTRIBUCIÓN: Semi-Sótano (85m2): Garaje para 2-3 con puerta automática, cuarto de calderas y trastero. P. BAJA: (80m2): Terraza exterior, Pasadizo cubierto y acristalado de entrada a vivienda y acceso a jardín trasero. Puerta de entrada blindada, distribuidor, Baño con ducha, Cocina amueblada independiente, Salón- comedor con mirador al pantano y Chimenea - casete. P. PRIMERA: (80M2). 4 dormitorios dobles con armarios empotrados forrados y vestidos, 1 baño completo y balcones con vistas al pantano. PERFECTO ESTADO. MEJOR VISITAR.",False,good,False,,1380.0,True,False,False,False,[],False,False,338000.0,€,chalet,El Berrueco,Chalet adosado en carretera Cervera a Buitrago,True,True,terracedHouse,,,,
