propertyCode,thumbnail,externalReference,numPhotos,price,propertyType,operation,size,rooms,bathrooms,address,province,municipality,country,latitude,longitude,showAddress,url,description,hasVideo,status,newDevelopment,priceByArea,hasPlan,has3DTour,has360,hasStaging,notes,topNewDevelopment,topPlus,priceInfo.price.amount,priceInfo.price.currencySuffix,priceInfo.price.priceDropInfo.formerPrice,priceInfo.price.priceDropInfo.priceDropValue,priceInfo.price.priceDropInfo.priceDropPercentage,parkingSpace.hasParkingSpace,parkingSpace.isParkingSpaceIncludedInPrice,detailedType.typology,detailedType.subTypology,suggestedTexts.subtitle,suggestedTexts.title,floor,exterior,district,hasLift,parkingSpace.parkingSpacePrice,neighborhood,newDevelopmentFinished
108570500,https://img4.idealista.com/blur/480_360_mq/0/id.pro.es.image.master/db/f8/f5/1348755969.webp,0150-00047,69,790000.0,chalet,sale,480.0,5,3,calle de Carmelo Rodríguez,Madrid,Colmenarejo,es,40.5499142,-4.0037357,False,https://www.idealista.com/inmueble/108570500/,"Descubra esta exclusiva casa independiente situada en una de las zonas más privilegiadas de Colmenarejo, donde la tranquilidad, el confort y la elegancia conviven en perfecta armonía. Rodeada de un entorno natural único y a pocos minutos del centro del municipio, esta vivienda destaca por su impecable diseño arquitectónico, sus excelentes calidades de construcción y un cuidado jardín privado con piscina que invita a disfrutar de la vida al aire libre durante todo el año. Características destacadas: •Parcela amplia y totalmente ajardinada, con zonas de sombra y sol, ideal para relajarse o recibir invitados. •Piscina privada, rodeada de césped natural y rincones con encanto que aportan frescor y elegancia. •Vivienda luminosa con amplios ventanales, orientación perfecta y conexión fluida entre interior y exterior. •Dos fantásticos Salones con chimenea y acceso directo al porche y jardín. •Cocina de diseño equipada con electrodomésticos de alta gama y zona office. •Dormitorios espaciosos, el principal en suite con vestidor y baño completo. •Materiales nobles: cerramientos de alta eficiencia térmica, carpintería interior maciza. •Garaje excelente para varios vehículos, trastero y múltiples detalles que marcan la diferencia.  La casa esta sobre una parcela de1.600m2. y esta  . Tenemos la posibilidad de venta de una parcela unida actualmente. . Muchas posibilidades, entre ellas una nueva construcción. Siempre cumpliendo con la normativa del ayuntamiento. Situada en una zona residencial consolidada, segura y rodeada de naturaleza, con todos los servicios a un paso y excelentes comunicaciones con Madrid.",False,good,False,1646.0,False,False,False,False,[],False,False,790000.0,€,950000.0,160000.0,17.0,True,True,chalet,independantHouse,Colmenarejo,Casa independiente en calle de Carmelo Rodríguez,,,,,,,
105049184,https://img4.idealista.com/blur/480_360_mq/0/id.pro.es.image.master/b6/a8/9f/1240152141.webp,0384,24,240000.0,duplex,sale,84.0,3,2,calle de Francisco Muñoz,Madrid,San Lorenzo de El Escorial,es,40.5936132,-4.150136,False,https://www.idealista.com/inmueble/105049184/,"GRUPO A-UNO VENDE Piso tipo dúplex, en el centro de San Lorenzo de El Escorial, para inversores con inquilino con excelentes referencias. 80m2 de vivienda, divididos en dos plantas; Planta baja con salón comedor y cocina americana y un aseo. Planta superior tres habitaciones y dos baños, la habitación principal en suite. Orientación Este - Oeste, la vivienda cuenta con muy buenas calidades, suelos de tarima, ventanas de aluminio lacadas con doble cristal de climalit y rotura de puente térmico, armarios empotrados lacados en blanco y miradores en salón, cocina y dormitorio principal. Las habitaciones son muy luminosas y de un buen tamaño. El edificio cuenta con un patio común y una pequeña piscina, además de ascensor que comunica con la planta de garajes. Oportunidad de comprar plaza de garaje a parte. Situada en el centro de San Lorenzo, en una zona residencial a 100m de la plaza del Ayuntamiento, Centro de Salud, Mercado municipal, y todo tipo de comercios. Un lugar ideal para invertir por su alta calidad de vida y su gran oferta cultural, gastronómica, deportiva y un entorno natural único. Actualmente la vivienda se encuentra alquilada con contrato en vigor. Si buscar invertir con un buen inquilino es tu oportunidad. Llámanos y te daremos un cita para realizar una visita, dando contestación a todas tus dudas o preguntas. GRUPO A-UNO Siempre a tu lado.",False,good,False,2857.0,True,False,False,False,[],False,False,240000.0,€,,,,True,False,flat,duplex,"Centro - Casco Histórico, San Lorenzo de El Escorial",Dúplex en calle de Francisco Muñoz,1,True,Centro - Casco Histórico,True,18000.0,,
108833902,https://img4.idealista.com/blur/480_360_mq/0/id.pro.es.image.master/1c/2e/f3/1356484317.webp,,37,335000.0,flat,sale,84.0,2,2,CL MARTIN MUÑOZ DE POSADAS,Madrid,Madrid,es,40.3743414,-3.625973,False,https://www.idealista.com/inmueble/108833902/,"Inmobiliaria en Santa Eugenia - Tecnocasa Estudio Nuevo Vallecas 2022 Sl. Vende Espectacular Piso de 98 metros cuadrados construidos en la zona del Ensanche de Vallecas, Vallecas, Madrid.  Una 2da planta (con altura de 3ro), totalmente exterior, con ascensor. El inmueble se encuentra para ENTRAR A VIVIR! , es una construcción de 2007. Compuesto de 2 dormitorios, uno de ellos con baño en suite con bañera, otro baño completo con plato de ducha, cocina independiente con tendedero/terraza, y salón-comedor muy luminoso. El inmueble cuenta con plaza de Garaje y trastero INCLUIDA EN EL PRECIO. Muy buena ubicación y orientación. Orientación Norte y sur. ¡A menos de 7 minutos andando del Mercadona y a 10 minutos andando al metro, muchas zonas verdes característico del ensanche! Cerca de paradas de autobús y metro, líneas: Metro 1 SIERRA DE GUADALUPE, autobús 103. Excelente ubicación próxima a zonas verdes, parques y áreas de juegos, cerca de centro sanitario, farmacia y supermercados, entre otros. Es una zona muy bien comunicada, con comercios, colegios, zonas verdes, polideportivo.",False,good,False,3988.0,True,False,False,False,[],False,False,335000.0,€,,,,True,True,flat,,"Ensanche de Vallecas - La Gavia, Madrid",Piso en Cl Martin Muñoz De Posadas,2,True,Villa de Vallecas,True,,Ensanche de Vallecas - La Gavia,
108297969,https://img4.idealista.com/blur/480_360_mq/0/id.pro.es.image.master/62/89/41/1345755161.webp,,26,1120000.0,flat,sale,141.0,4,2,calle de Rafael Calvo,Madrid,Madrid,es,40.4330793,-3.695781,False,https://www.idealista.com/inmueble/108297969/,"“Si quiere vivir en el elegante barrio de Almagro que destaca por sus mansiones señoriales, embajadas y galerías de arte, una zona exclusiva de la ciudad de Madrid”. Le presentamos esta EXCELENTE vivienda en un edifico representativo, con servicio de portería. Se distribuye en 2 zonas diferenciadas: La zona principal con un hall de entrada, pasillo que lleva a un vestíbulo, cuarto de baño y 4 estancias totalmente exteriores. La zona de servicio con cocina, una amplia estancia, cuarto de baño, trastero y salida a un patio de uso privativo. La altura de sus techos y sus grandes ventanales le otorga sensación de luminosidad y amplitud.  Calefacción central, agua caliente individual y suelo de madera. Sus 141 m2 construidos, te permitirá REFORMAR a tu gusto con muchas posibilidades de cambios. Ubicación inmejorable, con acceso a las principales calles (Pº de la Castellana, Pº Martinez Campos, Pº Eduardo Dato, y la Plaza de Chamberí bordeada de bares y cafeterías con terraza. El panorama gastronómico incluye restaurantes exclusivos.  La comunicación es excelente tanto en transporte público como privado. A pocos pasos se encuentran las estaciones de metro Rubén Darío (línea 5) e Iglesia (línea 1). La zona dispone de una gran oferta educativa, galerías de arte y centros culturales conforman este elegante eje de la capital. Está próximo a lugares representativos de negocio de la capital, todo ello unido a la gran oferta de espacios gastronómicos muy de moda en Madrid. Área comercial de lujo donde tienen su sede las marcas más prestigiosas del mundo.",True,renew,False,7943.0,True,False,False,False,[],False,False,1120000.0,€,,,,,,flat,,"Almagro, Madrid",Piso en calle de Rafael Calvo,en,True,Chamberí,True,,Almagro,
103279751,https://img4.idealista.com/blur/480_360_mq/0/id.pro.es.image.master/ed/c1/e2/1184289063.webp,2251,47,950000.0,flat,sale,110.0,2,2,calle de Alfonso Rodríguez Santamaría,Madrid,Madrid,es,40.450863,-3.6842517,False,https://www.idealista.com/inmueble/103279751/,"POSIBILIDAD DE ALQUILER CON OPCIÓN A COMPRA, entregando un 15% del valor del inmueble al inicio y durante el plazo de 18 meses, una renta mensual de 4.000, 00€ a cuenta del precio. Altor Asesores pone a su disposición exclusiva vivienda en el Barrio del Viso, completamente exterior con ascensor en una de las mejores zonas de Madrid. El inmueble se encuentra a estrenar, cuenta con un diseño de primeras calidades, con noventa y cinco metros cuadrados distribuidos en: Amplio salón-comedor abierto a cocina hecha a medida, totalmente amueblada y equipada con todos los electrodomésticos. Dos dormitorios dobles. Ambos con armarios empotrados completamente vestidos. El principal, con baño en suite distribuido en dos espacios con plato de ducha.  Baño principal totalmente equipado con plato de ducha. La vivienda cuenta con calefacción central, techos altos y ventanas dobles de aluminio. Aire acondicionado en todas las estancias. Además, tiene todo tipo de detalles como la instalación de sonido para 'Home-Cinema. ' Finca señorial representativa de la zona, con zona ajardinada y azotea común con tendedero.  Terraza comunitaria en la azotea para uso y disfrute, realizar eventos.. . Ubicación muy residencial y tranquila.  Cuenta con todos los servicios a escasos metros: restaurantes, cafeterías, comercios, supermercados, bancos.. . Se encuentra muy bien comunicado por transporte público, junto al Metro de Santiago Bernabéu (Línea 10), Metro República Argentina (Línea 6), y Metro Concha Espina (Línea 9).  Además, se encuentra a tan solo 10 minutos caminando del Metro de Nuevos Ministerios (Líneas 6, 8, 10 ) con Renfe. En cuanto al transporte privado, en las inmediaciones del inmueble se aparca con facilidad en todos los diferentes tramos horarios del día.",True,good,False,8636.0,False,False,True,False,[],False,False,950000.0,€,,,,,,flat,,"El Viso, Madrid",Piso en calle de Alfonso Rodríguez Santamaría,2,True,Chamartín,True,,El Viso,
108084981,https://img4.idealista.com/blur/480_360_mq/0/id.pro.es.image.master/9f/6e/97/1353630312.webp,TES003,38,233000.0,flat,sale,67.0,2,1,calle Benjamín Palencia,Madrid,Torrejón de Ardoz,es,40.4572272,-3.4484534,False,https://www.idealista.com/inmueble/108084981/,"PISO CON INQUILINOS - SOLO INVERSORES - IDEALISTA Propiedad con inquilino construida en el 2009 en Torrejón de Ardoz, Madrid. Es un piso que cuenta con 52,68 m2 útiles, consta de 2 dormitorios, 1 baño, cocina, sala, trastero y garaje. La finca cuenta con ascensor, dispone de piscina como área común el contrato de alquiler se aportara cuando este la oferta aceptada las fotografías corresponden a un piso de la promoción Inviertis es la web de inversión inmobiliaria nº1 en España. En inviertispro. com puedes ver y comparar inmuebles en rentabilidad en todo el país. Todos los activos publicados son en EXCLUSIVA y están alquilados y al día de pago. Si entras en la web tendrás acceso al contrato de alquiler vigente, renta mensual, rentabilidad y un completo análisis financiero del comportamiento de ese inmueble a lo largo del tiempo. Se trata de inmuebles procedentes de propietarios y grandes fondos que no encontrarás en ningún otro sitio porque Inviertis solo trabaja con: Inmuebles en exclusiva Pisos y casas con contrato de alquiler vigente Inquilinos al día de pago Rentabilidades por encima del 5% En Inviertis nos encargamos de todo, para que el inversor solo tenga que comprar y rentar. Así de fácil.",False,good,False,3478.0,True,False,False,False,[],False,False,233000.0,€,,,,True,True,flat,,"Sureste, Torrejón de Ardoz",Piso en calle Benjamín Palencia,2,False,Sureste,True,,,
108084988,https://img4.idealista.com/blur/480_360_mq/0/id.pro.es.image.master/c0/fc/68/1345490149.webp,TES010,28,222000.0,flat,sale,67.0,2,1,calle Benjamín Palencia,Madrid,Torrejón de Ardoz,es,40.455911,-3.446522,False,https://www.idealista.com/inmueble/108084988/,"PISO CON INQUILINOS - SOLO INVERSORES - IDEALISTA Propiedad con inquilino construida en el 2009 en Torrejón de Ardoz, Madrid. Es un piso que cuenta con 52,68 m2 útiles, consta de 2 dormitorios, 1 baño, cocina, sala, trastero y garaje. La finca cuenta con ascensor, dispone de piscina como área común el contrato de alquiler se aportara cuando este la oferta aceptada las fotografías corresponden a un piso de la promoción Inviertis es la web de inversión inmobiliaria nº1 en España. En inviertispro. com puedes ver y comparar inmuebles en rentabilidad en todo el país. Todos los activos publicados son en EXCLUSIVA y están alquilados y al día de pago. Si entras en la web tendrás acceso al contrato de alquiler vigente, renta mensual, rentabilidad y un completo análisis financiero del comportamiento de ese inmueble a lo largo del tiempo. Se trata de inmuebles procedentes de propietarios y grandes fondos que no encontrarás en ningún otro sitio porque Inviertis solo trabaja con: Inmuebles en exclusiva Pisos y casas con contrato de alquiler vigente Inquilinos al día de pago Rentabilidades por encima del 5% En Inviertis nos encargamos de todo, para que el inversor solo tenga que comprar y rentar. Así de fácil.",False,good,False,3313.0,True,False,False,False,[],False,False,222000.0,€,,,,True,True,flat,,"Sureste, Torrejón de Ardoz",Piso en calle Benjamín Palencia,1,True,Sureste,True,,,
106429450,https://img4.idealista.com/blur/480_360_mq/0/id.pro.es.image.master/64/2f/9f/1282694572.webp,,26,199999.0,flat,sale,103.0,3,2,calle de Hernán Cortés,Madrid,San Martín de la Vega,es,40.2125681,-3.571553,False,https://www.idealista.com/inmueble/106429450/,"TECNOCASA SAN MARTIN DE LA VEGA- Vende vivienda en exclusiva, a tan solo excasos minutos del pasillo verde, en urbanización cerrada, cercano a comercios, colegios, restaurantes, farmacias.  La vivienda es una planta baja, salón amplio, cocina amueblada con tendedero, dispone de tres amplios dormitorios con armarios empotrados, uno de ellos baño en suite y otro baño también con bañera.  La vivienda dispone de plaza de garaje y trastero.  PARA LA REALIZACIÓN DE VISITAS ES IMPRESCINDIBLE EL ESTUDIO DE VIABILIDAD, PARA EN CASO DE COMPRA GARANTIZAR LA OPERACIÓN.",False,good,False,1942.0,False,False,False,False,[],False,False,199999.0,€,205000.0,5001.0,2.0,True,True,flat,,San Martín de la Vega,Piso en calle de Hernán Cortés,bj,True,,False,,,
108845750,https://img4.idealista.com/blur/480_360_mq/0/id.pro.es.image.master/5f/56/52/1357121489.webp,IE01-ACACIASTRECE,11,130000.0,studio,sale,13.0,0,1,paseo de las Acacias,Madrid,Madrid,es,40.4060912,-3.7032416,False,https://www.idealista.com/inmueble/108845750/,"Inmobiliarias Encuentro vende en exclusiva magnífico piso en el castizo barrio de Acacias, Madrid. El inmueble, de 13 m2, está listo para comprar y reformar integralmente a tu gusto, con posibilidad de diseñar una cocina americana, un baño con plato de ducha y un acogedor espacio tipo salón-dormitorio. El estado de la vivienda está para reformar, siendo de esta manera, una oportunidad única y rentable de inversión.  La finca en la que se encuentra está en perfecto estado de conservación.  Su ubicación es inmejorable. El barrio de Acacias, situado en el distrito de Arganzuela, es una de las zonas más atractivas y consolidadas de Madrid.  Su excelente ubicación, a pocos minutos del centro y bien conectado mediante varias líneas de metro, autobuses y cercanías, lo convierte en un lugar ideal para vivir o invertir.  Acacias combina la tranquilidad de un entorno residencial con la comodidad de contar con todos los servicios necesarios: supermercados, colegios, centros de salud, parques como Madrid Río y una amplia oferta de ocio y restauración.  Su arquitectura tradicional, calles arboladas y ambiente familiar hacen de este barrio un enclave con gran calidad de vida y una demanda inmobiliaria en constante crecimiento. Si necesita vender su inmueble para adquirir este u otro inmueble publicado, contacte con nosotros, disponemos del servicio: \\""CAMBIA Y DESCANSA\\"". La solución perfecta para cuadrar los plazos de venta de su vivienda y entrega del nuevo inmueble. ¡Financiación a tu medida! Con Finmoo tendrás los mejores tipos de interés y hasta el 100% de financiación. ¡Consulta nuestras condiciones!",False,renew,False,10000.0,True,False,False,False,[],False,False,130000.0,€,,,,,,flat,studio,"Acacias, Madrid",Estudio en paseo de las Acacias,bj,False,Arganzuela,True,,Acacias,
108843955,https://img4.idealista.com/blur/480_360_mq/0/id.pro.es.image.master/d9/10/f1/1356761977.webp,,54,935000.0,chalet,sale,270.0,5,3,LUXEMBURGO,Madrid,Villaviciosa de Odón,es,40.3643624,-3.9126418,False,https://www.idealista.com/inmueble/108843955/,"¡Te presentamos esta fantástica propiedad en Villaviciosa de Odón! Chalet pareado en excelente estado, ubicado en una de las zonas más demandadas de Villaviciosa de Odón. La vivienda se distribuye en tres plantas y cuenta con 270 m² construidos sobre una parcela de 300 m². Planta principal: Amplio recibidor. Cocina totalmente equipada con electrodomésticos incluidos. Aseo de cortesía. Espacioso salón-comedor con salida directa a la terraza, donde se encuentra un jacuzzi (incluido en la propiedad). Gran despacho con vistas a la entrada de la vivienda, ideal para teletrabajo. Primera planta: 3 dormitorios con armarios empotrados. La habitación principal dispone de un gran vestidor y baño en suite. Baño completo con plato de ducha que da servicio a las otras dos habitaciones. Originalmente la vivienda contaba con 4 dormitorios; actualmente uno se ha incorporado al dormitorio principal como vestidor, pero se puede volver fácilmente a su distribución original. Planta sótano: Amplio garaje con capacidad para dos coches, bicicletas o motos, y espacio adicional de trastero. Habitación adicional junto al garaje, ideal como trastero, sala de juegos o habitación de invitados. Características destacadas: Suelos de madera. Carpintería de aluminio oscilobatiente con doble acristalamiento y rotura de puente térmico. Calefacción por gas natural. Aire acondicionado centralizado. Año de construcción: 2009. Jardín con césped artificial y lateral con piedra y vegetación consolidada. Iluminación en patio trasero y lateral. Sin gastos de comunidad. Todos los electrodomésticos y el jacuzzi están incluidos en la venta. Ubicación: A pocos minutos del centro urbano, de la Universidad Europea de Madrid, y de prestigiosos colegios como Casvi y Agora Madrid International School. Muy cerca también de la Ciudad Financiera de Boadilla del Monte, con excelentes conexiones por carretera y transporte público. Villaviciosa de Odón se ha convertido en uno de los destinos favoritos para familias e inversores gracias a su entorno seguro, su amplia oferta comercial, y su cercanía con Madrid (a tan solo 30 minutos del centro). No dejes pasar la oportunidad de conocer este fabuloso chalet. ¡Contáctanos para concertar tu visita!",False,good,False,3463.0,True,False,False,False,[],False,False,935000.0,€,,,,True,True,chalet,semidetachedHouse,"Centro, Villaviciosa de Odón",Chalet pareado en Luxemburgo,,,Centro,,,,
108605522,https://img4.idealista.com/blur/480_360_mq/0/id.pro.es.image.master/fe/63/ac/1349772210.webp,SONR4,21,400000.0,flat,sale,108.0,2,1,calle de la Sonrisa,Madrid,Alcobendas,es,40.5494556,-3.6594595,False,https://www.idealista.com/inmueble/108605522/,"My Ideal Home presenta en Exclusiva magnifica vivienda en venta situada en la tercera planta del edificio ubicada en la codiciada zona de Fuentelucha - Alcobendas. La vivienda cuenta con un luminoso salón comedor, 2 acogedores dormitorios y un baño completo. La cocina esta totalmente amueblada y equipada con electrodomésticos. Incluye 2 Plaza de garaje y trastero, todo dentro del precio Orientación Este, garantizando luz natural durante todo el día. Aire acondicionado bomba frio calor, para la comodidad en cualquier estación. Armarios Empotrados. Ventanas tipo climalit. Urbanización privada con piscina, zona de infantil, adaptada para personas de movilidad reducida. La vivienda se encuentra en la fantástica zona de Fuente lucha, cerca de todo tipo de comercios (LIDL, Mercadona, Dia, Ahorramas), restaurantes, bares, farmacia, a pocos metros del colegio Greenwich y Bachiller Alonso López. a pocos minutos de la estación de Metro de Manuel de Falla y RENFE. No esperes más para visitar este piso en venta, ¡te encantará! Contáctanos para mayor información.",True,good,False,3704.0,True,True,False,False,[],False,False,400000.0,€,,,,True,True,flat,,"Norte, Alcobendas",Piso en calle de la Sonrisa,3,True,Norte,True,,,
108666482,https://img4.idealista.com/blur/480_360_mq/0/id.pro.es.image.master/96/6e/0c/1359046329.webp,,21,510000.0,flat,sale,68.0,2,2,PS INFANTA ISABEL,Madrid,Madrid,es,40.4084411,-3.6861626,False,https://www.idealista.com/inmueble/108666482/,"**Piso Reformado en el Corazón de Madrid** ¡Bienvenido a tu nuevo hogar! Este espectacular piso reformado integralmente se encuentra en una primera planta interior de un elegante edificio señorial, ubicado en uno de los barrios más deseados de Madrid. Con una superficie de 68 metros construidos, este espacio ofrece un diseño cuidado en cada detalle, ideal para quienes buscan confort y estilo. Al entrar, te recibe un acogedor salón comedor a la derecha, perfecto para disfrutar de momentos en familia o con amigos. A la izquierda, un baño bien distribuido y funcional. El piso cuenta con dos dormitorios, uno de ellos en suite, con armarios empotrados que maximizan el espacio. La cocina, con techos altos y dos amplias ventanas, está equipada con electrodomésticos apanelados, creando un ambiente luminoso y moderno. Además, el aire acondicionado frío-calor en todos los ambientes garantiza el máximo confort durante todo el año. Las ventanas de PVC ofrecen un excelente aislamiento y eficiencia energética. Para mayor comodidad, el inmueble incluye un amplio trastero, ideal para almacenar todo lo que necesites. La ubicación es inmejorable: a pocos pasos del Parque del Retiro y cerca de importantes museos como el Prado y el Reina Sofía. La cercanía a la calle Atocha te permite disfrutar de una variada oferta gastronómica con restaurantes y bares de moda. La comunicación es excelente, con acceso a la estación Atocha, la línea 1 de metro y varias líneas de autobuses. No pierdas la oportunidad de vivir en este maravilloso piso que combina elegancia, comodidad y ubicación privilegiada. ¡Contáctanos para más información y ven a verlo! El piso se encuentra en las últimas semanas de la reforma, en breve se actualizaran las fotos de la publicación.",False,good,False,7500.0,True,False,False,False,[],False,False,510000.0,€,,,,,,flat,,"Jerónimos, Madrid",Piso en Ps Infanta Isabel,1,False,Retiro,True,,Jerónimos,
108826667,https://img4.idealista.com/blur/480_360_mq/0/id.pro.es.image.master/d9/97/e7/1356273613.webp,,18,750000.0,flat,sale,55.0,1,1,calle de Irún,Madrid,Madrid,es,40.4202877,-3.7180802,False,https://www.idealista.com/inmueble/108826667/,"Exclusivo piso en alquiler en Príncipe Pío  Se vende elegante y moderno piso de 55 m² en una de las mejores fincas de la zona de Príncipe Pío. La vivienda está completamente amueblada y lista para entrar a vivir, ideal para quienes buscan confort, estilo y una ubicación privilegiada en el centro de Madrid. Ideal para rentabilizar Características principales: Superficie: 55 m² 1 habitación amplia con closet, baño en suite y acceso a la terraza Salón luminoso con mobiliario de alta calidad Cocina totalmente equipada Baño completo Amueblado con estilo contemporáneo Piscina comunitaria Gimnasio 24 horas Portero físico Ubicado en una finca moderna y exclusiva, este piso ofrece un estilo de vida cómodo, seguro y con todas las comodidades a un paso de Madrid Río, el centro histórico, y perfectamente comunicado con transporte público.",True,good,False,13636.0,True,True,False,False,[],False,False,750000.0,€,,,,,,flat,,"Argüelles, Madrid",Piso en calle de Irún,2,False,Moncloa,True,,Argüelles,
108738568,https://img4.idealista.com/blur/480_360_mq/0/id.pro.es.image.master/04/0c/07/1353703066.webp,,29,235000.0,chalet,sale,70.0,4,1,calle de Ferraz s/n,Madrid,Alcalá de Henares,es,40.4889397,-3.3625959,True,https://www.idealista.com/inmueble/108738568/,"AGENCIA INMOBILIARIA DE ALCALÁ DE HENARES, VENDE CASA ADOSADA EN BARRIO DE LA ESTACION La zona destaca por su cómoda accesibilidad desde la Nacional A-2, además cuenta con numerosas paradas de autobús urbano e interurbano, y la estación de Alcalá de Henares a sólo 5 minutos andando. Además la zona cuenta con una gran variedad de servicios como: Colegios, Institutos, centro de especialidades, Centro comercial Alcalá Magna, además de bancos, farmacias, bares y todo tipo de comercios. La vivienda está distribuida en dos plantas, se compone de: Planta Baja: Hall de entrada, salón, gran cocina, baño completo y un dormitorios. Patio con acceso al dormitorio de la panta baja Primera planta: Dos amplios dormitorios, un vestidor y terraza, que comunica uno de los dormitorios con otro No lo dude y venga a visitarlo sin compromiso. Y NO OLVIDE QUE PODEMOS CONSEGUIR HASTA EL 100% DE FINANCIACIÓN GRACIAS A NUESTRO DEPARTAMENTO DE INTERMEDIACIÓN FINANCIERA KIRON. ESTUDIOS DE VIABILIDAD GRATUITOS.",False,good,False,3357.0,False,False,False,False,[],False,False,235000.0,€,,,,,,chalet,terracedHouse,"San Isidro - Los Almendros, Alcalá de Henares",Chalet adosado en calle de Ferraz s/n,,,San Isidro - Los Almendros,,,,
108625807,https://img4.idealista.com/blur/480_360_mq/0/id.pro.es.image.master/02/57/76/1350321374.webp,ADO0031,66,330000.0,chalet,sale,186.0,3,2,calle Marqués,Madrid,Guadalix de la Sierra,es,40.7847019,-3.7051133,False,https://www.idealista.com/inmueble/108625807/,"B2V Inmobiliaria comercializa en EXCLUSIVA.Manuela Díaz ¡Vive el confort moderno en plena naturaleza! Descubre este exclusivo chalet pareado de diseño moderno en Guadalix de la Sierra, donde la luz natural y la tranquilidad se combinan con todas las comodidades. Ubicado en una cuidada urbanización privada con piscina comunitaria, este luminoso hogar ofrece el equilibrio perfecto entre estilo, privacidad y vida en familia. ¡Una oportunidad única para disfrutar de la Sierra de Madrid! Este chalet pareado de 186 m² construidos está distribuido en tres cómodas plantas, este hogar ofrece espacios versátiles para adaptarse a tus necesidades: Sótano diáfano, ideal como garaje, zona de juegos, gimnasio, sala de cine o estancia multiusos. ¡Tú decides! A la vivienda se accede desde la planta baja subiendo una pequeña escalera, encontrarás un recibidor acogedor que da acceso al amplio salón, ideal para momentos en familia, con zona de comedor y zona de estar, con chimenea que aporta calidez a los días de invierno, desde el salón se puede acceder a la terraza. En esta misma planta se encuentra la cocina, muy luminosa y equipada, con mesa alta para desayunos o comidas informales. Una cocina funcional y práctica. Esta planta cuenta además con un baño completo con una estupenda ducha de masaje. La planta superior alberga tres dormitorios, uno de ellos, el principal con baño en suite y un acogedor estudio ideal para teletrabajo o zona de lectura, y la joya de la casa: una gran terraza privada con espacio para mesa, sillas, tumbonas, una pequeña piscina privada y zona de barbacoa. Un rincón perfecto para desconectar o compartir con amigos. La vivienda cuenta además con una tercera planta en la que se encuentra una terraza-solarium con vistas estupendas a la Sierra. Destaca por su luz natural, su excelente distribución y su capacidad para ofrecerte tanto momentos de relax como espacios funcionales para el día a día. ¿Te imaginas viviendo aquí? Naturaleza, confort y calidad de vida se dan la mano en este hogar único. Contacta con nosotros y ven a visitarlo: estamos seguros de que te encantará. GUADALIX DE LA SIERRA Guadalix de la Sierra es un municipio español de la provincia y Comunidad de Madrid a 49 kilómetros de Madrid capital en la cuenca del río Jarama. Guadalix posee abundantes pastizales y ejemplares arbóreos, el agua también está muy presente gracias a los ríos Guadalix y Miraflores, a numerosos arroyos y al embalse de Pedrezuela. En este municipio se rodó en 1953 uno de los clásicos del cine español: ¡Bienvenido, Mister Marshall"" dirigida por Luis García Berlanga y en la que intervinieron en calidad de extras muchos de los vecinos del municipio. Para más información y visitas ponte en contacto con: Manuela Díaz Díaz Porque nos tomamos muy en serio nuestro cometido, sólo trabajamos en EXCLUSIVA. B2V Inmobiliaria, servicios inmobiliarios en la sierra de Madrid y alrededores. Precio 330.000 € 1.774 eur/m2 40 €/mes de gastos de comunidad Características básicas 186 m² construidos 180 m² útiles 3 dormitorios 2 baños Terraza Segunda mano/Buen estado Armarios empotrados Año de construcción: 2002 Norte, Sur, Este, Oeste Plaza de garaje Certificación energética Consumo: (IPE no indicado) Emisiones: (IPE no indicado) Equipamiento Calefacción: Individual Combustible calefacción: Eléctrica Piscina Jardín [IW].",True,good,False,1774.0,True,False,False,False,[],False,False,330000.0,€,,,,True,True,chalet,semidetachedHouse,Guadalix de la Sierra,Chalet pareado en calle Marqués,,,,,,,
106978070,https://img4.idealista.com/blur/480_360_mq/0/id.pro.es.image.master/01/98/92/1320736161.webp,V40-OF406,16,1789000.0,flat,sale,110.0,2,2,calle de Núñez de Balboa,Madrid,Madrid,es,40.4262835,-3.6837804,False,https://www.idealista.com/inmueble/106978070/,"V40-OF406 Exclusivo piso reformado en venta en Núñez de Balboa (Salamanca) ¡Descubre el lujo y la comodidad en este espectacular piso reformado situado en la privilegiada zona de Salamanca! Esta elegante vivienda interior, ubicada en una segunda planta, ofrece 110 m² de diseño moderno y funcional, combinando confort y estilo en cada detalle. Además, cuenta con una acogedora terraza perfecta para disfrutar de momentos al aire libre en pleno corazón de Madrid. El piso dispone de dos amplios y luminosos dormitorios, diseñados para ofrecer el máximo confort, y dos baños completos, equipados con materiales de primera calidad. La cocina totalmente equipada destaca por su diseño contemporáneo y funcionalidad, y la vivienda se entrega completamente amueblada, lista para entrar a vivir. Además, cuenta con aire acondicionado, calefacción central, ascensor y servicio de portería, asegurando comodidad y tranquilidad. Incluye una plaza de garaje en el mismo edificio (Sótano 2, plaza 2 - Largo: 464 cm, Ancho: 215 cm), ya incluida en el precio, lo que supone un valor añadido en esta exclusiva zona. Vivir en el barrio de Salamanca significa disfrutar de exclusividad, tranquilidad y una vibrante oferta cultural y de ocio. Esta es una oportunidad única para adquirir una vivienda que combina modernidad, lujo y ubicación premium en uno de los distritos más codiciados de Madrid. ¡No dejes pasar esta oportunidad de vivir en un entorno exclusivo y elegante! Contáctanos ahora para más información o para agendar una visita.",False,good,False,16264.0,False,False,False,False,[],False,False,1789000.0,€,,,,True,True,flat,,"Recoletos, Madrid",Piso en calle de Núñez de Balboa,2,False,Barrio de Salamanca,True,,Recoletos,
108285047,https://img4.idealista.com/blur/480_360_mq/0/id.pro.es.image.master/d2/0f/f4/1339534807.webp,65ac6fa6-e5cc-4bd5-ba9c-1b5bb9fb38d6-0,9,1750000.0,chalet,sale,934.0,8,8,Centro - Casco Histórico,Madrid,San Lorenzo de El Escorial,es,40.5952348,-4.1415757,False,https://www.idealista.com/inmueble/108285047/,"Esta singular propiedad destaca por su carácter único, su cuidada estética y su capacidad para adaptarse a distintos fines, ya sean residenciales, profesionales o institucionales. Está clasificada como Elemento Protegido con grado 1 de protección ambiental, lo que garantiza la preservación de sus elementos arquitectónicos originales. Con una superficie construida de 934 m², repartida en cuatro plantas, esta finca se alza sobre una parcela urbana que cuenta con una zona ajardinada y una área exterior pavimentada. El inmueble presenta un estilo arquitectónico señorial, en el que destacan muros de piedra, ladrillo macizo y acabados en cal. La entrada de luz natural está asegurada por amplios ventanales, que iluminan generosamente cada estancia. En su interior, una escalera de diseño clásico conecta los niveles, acompañada por molduras decorativas, pavimentos trabajados y elementos como fraileros, que reflejan la calidad y el gusto en cada rincón. El edificio está dotado de un ascensor de alta gama con capacidad para cuatro personas, y un sistema de climatización eficiente, que combina radiadores de fundición alimentados por gasóleo con bomba de calor y frío. Toda la propiedad dispone de cobertura Wi-Fi. En el exterior, el inmueble ofrece plaza de aparcamiento para siete vehículos, y cuenta con vado autorizado para facilitar un uso sanitario o profesional. Organización por Niveles - Semisótano: diseñado para albergar servicios médicos, cuenta con instalaciones quirúrgicas y un acceso específico para personal sanitario. - Planta baja: se compone de un amplio vestíbulo de entrada, dos salones principales, cocina con office, un dormitorio y un baño. - Primera planta: incorpora una segunda cocina de apoyo y cuatro dormitorios, cada uno con su propio baño privado. - Segunda planta: alberga tres dormitorios con baño integrado y un espacio destinado a almacenamiento. - Buhardilla: ideal para utilizar como archivo o zona de almacenaje, gracias a su disposición bajo cubierta.",False,good,False,1874.0,False,False,False,False,[],False,False,1750000.0,€,,,,True,True,chalet,independantHouse,"Centro - Casco Histórico, San Lorenzo de El Escorial",Casa independiente,,,Centro - Casco Histórico,,,,
108829601,https://img4.idealista.com/blur/480_360_mq/0/id.pro.es.image.master/78/91/2a/1356357067.webp,5165,22,1889000.0,flat,sale,214.0,5,5,calle de Francisco Silvela,Madrid,Madrid,es,40.4373243,-3.6751844,False,https://www.idealista.com/inmueble/108829601/,"Domus Aurea Capital presenta este piso exterior en la calle Francisco Silvela.   Vivienda de 214m² situada en una tercera planta exterior, se encuentra completamente reformada y amueblada. Se distribuye en un amplio salón-comedor con cocina abierta con isla central completamente equipada, cinco dormitorios y cinco baños completos, además de un cuarto de lavandería. Domus Aurea Capital es una agencia inmobiliaria especializada en la intermediación, construcción y gestión de activos inmobiliarios en las zonas prime de Madrid y alrededores.",False,good,False,8827.0,False,False,False,False,[],False,False,1889000.0,€,,,,,,flat,,"Lista, Madrid",Piso en calle de Francisco Silvela,3,True,Barrio de Salamanca,True,,Lista,
106796942,https://img4.idealista.com/blur/480_360_mq/0/id.pro.es.image.master/52/08/66/1352911435.webp,,30,1150000.0,flat,sale,105.0,2,3,paseo del Prado,Madrid,Madrid,es,40.414716,-3.6925031,False,https://www.idealista.com/inmueble/106796942/,"HOUSELY CONSULTING presenta esta espectacular propiedad de 105 m2 completamente reformada. ¡Descubre tu nueva vivienda duplex Reformado en el corazón del barrio del Barrio de las Letras! Esta vivienda de 105 m², esta joya lista para que vivas las mejores experiencias de la capital, y un proyecto de interiorismo personalizado. El piso cuenta con 2 dormitorios, 2 baños, ideal para una vida cómoda y funcional, un dormitorio doble en planta baja, un baño completo y un salón con techos de 5 metros con la cocina integrada, en la planta de arriba tiene el dormitorio principal, con vestidor y baño en suite. Situado en la segunda de un edificio con ascensor, esta vivienda exterior te ofrece la posibilidad de comprar una plaza de garaje en el mismo edificio.  No pierdas la oportunidad de vivir en una de las zonas más exclusivas y vibrantes de la ciudad. ¡Contáctanos y ven a conocer tu futuro hogar! Ponte en contacto con nosotros para encontrar las mejores viviendas de Madrid, disponemos de muchas viviendas off-market que no están publicadas. HOUSELY CONSULTING.",False,good,False,10952.0,True,False,False,False,[],False,False,1150000.0,€,,,,True,False,flat,,"Huertas-Cortes, Madrid",Piso en paseo del Prado,2,True,Centro,True,80000.0,Huertas-Cortes,
108543076,https://img4.idealista.com/blur/480_360_mq/0/id.pro.es.image.master/e0/06/f2/1348014725.webp,,29,330000.0,flat,sale,58.0,2,1,PZ ARTEIJO,Madrid,Madrid,es,40.4775941,-3.70713,False,https://www.idealista.com/inmueble/108543076/,"Oportunidad única para quienes buscan una vivienda con posibilidades de personalización en una de las zonas más consolidadas de Madrid: el Barrio El Pilar, a pocos pasos del Centro Comercial La Vaguada. Este piso, ubicado en una tercera planta, cuenta con 2 habitaciones, 1 baño y una terraza que aporta un espacio exterior ideal para disfrutar del aire libre o crear una zona de descanso. La vivienda está para reformar, lo que permite adaptarla completamente a tu estilo y necesidades. Ya sea como residencia habitual, inversión o primera vivienda, ofrece un gran potencial de revalorización. Uno de sus grandes atractivos es la luminosidad: todas las estancias reciben abundante luz natural durante el día, creando un ambiente cálido y agradable. Incluye trastero, lo que añade un espacio de almacenamiento extra muy práctico. El edificio cuenta con un portal bien mantenido y se encuentra rodeado de todo tipo de servicios: grandes avenidas, zonas verdes, parques, comercios, colegios, centros médicos y una excelente conexión con el transporte público. Una excelente opción para quienes valoran la ubicación, la luz natural y la posibilidad de diseñar su hogar desde cero.",False,renew,False,5690.0,True,False,False,False,[],False,False,330000.0,€,,,,,,flat,,"Pilar, Madrid",Piso en Pz Arteijo,3,True,Fuencarral,True,,Pilar,
108482716,https://img4.idealista.com/blur/480_360_mq/0/id.pro.es.image.master/7e/e6/29/1346263679.webp,,20,210000.0,flat,sale,45.0,1,1,"calle de la Constitución, 40",Madrid,Alcobendas,es,40.542712,-3.6367404,True,https://www.idealista.com/inmueble/108482716/,"Inmobiliaria en Centro Alcobendas - Tecnocasa Estudio Inmobiliario Alcobendas Slu - -VENDE- Estupenda y exclusiva vivienda situada en planta Baja en inmejorable ubicación a 3 minutos del metro y 4 minutos de la renfe. Vivienda que se entrega REFORMADA A ESTRENAR, CONTACTE PARA MÁS INFORMACIÓN DE CALIDADES Y ACABADOS. Estupenda vivienda que cuenta con salón y cocina estilo americano amplio, dormitorio grande con posibilidad de hacer 2, dispone baño grande con moderno inodoro empotrado, plato de ducha y ventana. La cocina se entrega amoblada y equipada con campana extractora, vitrocerámica, nevera y horno. Paredes lisas y ventanas de climalit oscilobatientes de pvc y cristal blindado de seguridad. Persianas de seguridad eléctricas. Suelos de Tarima. 2 aires acondicionados con bomba de Calor La reforma es totalmente integral. Se pueden agregar exigencias con el consecuente gasto adicional si lo desea. OFRECEMOS ESTUDIOS FINANCIERO CON HIPOTECAS AL 100% CON NUESTRO DEPARTAMENTO FINANCIERO KIRON.",False,good,False,4667.0,False,False,False,False,[],False,False,210000.0,€,220000.0,10000.0,5.0,,,flat,,"Alcobendas Centro, Alcobendas","Piso en calle de la Constitución, 40",bj,True,Alcobendas Centro,False,,,
108497240,https://img4.idealista.com/blur/480_360_mq/0/id.pro.es.image.master/8c/57/3a/1346669050.webp,ID-2579C,57,399000.0,chalet,sale,364.0,3,2,calle Real,Madrid,Morata de Tajuña,es,40.2298909,-3.4352648,False,https://www.idealista.com/inmueble/108497240/,"ID-2579C MORATA DE TAJUÑA ¡Descubre tu nuevo hogar en Morata de Tajuña! Esta encantadora casa de dos plantas, situada en la emblemática calle Real, te ofrece la combinación perfecta de espacio y comodidad.  La casa tiene 364m2 distribuidos de la siguiente manera: La planta primera mide 110m2 aproximadamente, y en ella encontrarás tres luminosos dormitorios, cuarto de baño completo y una cocina independiente con acceso a un práctico patio, ademas cuenta con un amplio salón comedor que se abre a una acogedora terraza, ideal para disfrutar de momentos al aire libre.  La planta baja mide 220m2 aproximadamente, y en el encontraras un garaje amplio y un gran patio que brinda un sinfín de posibilidades para disfrutar del aire libre. Esta casa es una oportunidad única en el corazón de Morata. ¡No dejes pasar la ocasión de visitarla y hacerla tuya! Gastos de IBI anuales: 468,00€. Calefacción por gasoil. Si quieres visitarla, solo tienes que llamarme al 6 8 5 8 3 7 9 9 4 y organizaré una visita para ti, o si lo prefieres puedes enviarme un email o un WhatsApp y me pondré en contacto contigo en breve. Mi nombre es Sonia.",True,renew,False,1096.0,True,False,True,False,[],False,False,399000.0,€,,,,True,True,chalet,terracedHouse,Morata de Tajuña,Chalet adosado en calle Real,,,,,,,
106189872,https://img4.idealista.com/blur/480_360_mq/0/id.pro.es.image.master/ee/60/b9/1275271977.webp,4566,15,1679000.0,flat,sale,133.0,2,2,calle de Lope de Rueda,Madrid,Madrid,es,40.4198981,-3.6784997,False,https://www.idealista.com/inmueble/106189872/,"Domus Aurea Capitral presenta este magnífico piso exterior reformado y amueblado y situado en la segunda planta de la finca, en pleno barrio de Retiro - Ibiza, ofrece una oportunidad única de vivir en una de las zonas más exclusivas de Madrid. El inmueble destaca por sus 133 m², se distribuye en una zona de día con un amplio y luminoso salón, una cocina moderna equipada con materiales de alta gama y un balcón, que inunda de luz natural el espacio, . En su zona de noche con dos amplias habitaciones y dos baños, . Construido en 1933, el edificio combina el encanto arquitectónico clásico con las comodidades modernas. Domus Aurea Capital es una agencia inmobiliaria especializada en la intermediación, construcción y gestión de activos inmobiliarios en las zonas prime de Madrid y alrededores. La mayoría de las propiedades que tenemos disponibles no están publicadas en los portales inmobiliarios, para conocerlas todas consulta nuestra web.",False,good,False,12624.0,True,False,False,False,[],False,False,1679000.0,€,,,,,,flat,,"Ibiza, Madrid",Piso en calle de Lope de Rueda,,True,Retiro,True,,Ibiza,
108902681,https://img4.idealista.com/blur/480_360_mq/0/id.pro.es.image.master/ee/85/f9/1358430137.webp,,17,157260.0,flat,sale,88.0,3,2,calle Gabriela Mistral,Madrid,San Martín de la Vega,es,40.2028778,-3.5824606,False,https://www.idealista.com/inmueble/108902681/,"¡Oportunidad en San Martín de la Vega! Piso de 3 habitaciones con ascensor y balcón Tecnocasa San Martín de la Vega presenta en exclusiva esta vivienda de 3 dormitorios, ideal para quienes buscan espacio, ubicación y posibilidades de reforma. El piso cuenta con: Tres amplias habitaciones Dos baños completos con bañera Cocina independiente Salón de paso con salida directa a un balcón exterior Edificio con ascensor Ubicado en una zona estratégica, a pocos pasos de comercios, servicios y parada de autobús, lo que lo convierte en una opción ideal tanto para vivir como para invertir. La vivienda está para reformar, por lo que es perfecta para personalizar a tu gusto y crear el hogar que siempre has soñado. No dejes pasar esta oportunidad. Contacta con Tecnocasa San Martín de la Vega para más información o concertar una visita. PARA LA REALIZACIÓN DE VISITAS ES IMPRESCINDIBLE EL ESTUDIO DE VIABILIDAD POR PARTE DE KIRON, PARA EN CASO DE COMPRA GARANTIZAR LA OPERACIÓN.",False,renew,False,1787.0,False,False,False,False,[],False,False,157260.0,€,,,,,,flat,,San Martín de la Vega,Piso en calle Gabriela Mistral,1,True,,True,,,
106791058,https://img4.idealista.com/blur/480_360_mq/90/id.pro.es.image.master/3c/93/48/1294117964.webp,,20,330000.0,flat,sale,63.0,1,1,avenida de José Hierro,Madrid,Rivas-Vaciamadrid,es,40.3439151,-3.5238295,False,https://www.idealista.com/inmueble/106791058/,"¡Descubre tu nuevo hogar en Rivas! Este moderno piso de 63 m², construido en 2023, te ofrece un espacio diáfano donde el salón y la cocina se fusionan en un ambiente acogedor y luminoso. La cocina, amueblada en blanco y equipada con electrodomésticos en inox, perfecta para los amantes de la gastronomía. Disfruta de una terraza con vistas a la calle principal,  ideal para relajarte al final del día. El piso cuenta con un dormitorio con 3 armarios empotrados y aire acondicionado por conducto, garantizando confort durante todo el año, además de calefacción con suelo radiante. Cuenta con  1 baño completo con plato de ducha a medida y mampara, además de toallero. El inmueble cuenta con plaza de garaje y trastero anexo, todo ello en la misma escritura. La ubicación es inmejorable: a un paso del metro, con un gran parking exterior y cerca del nuevo Hospital HM y la residencia geriátrica Valdeluz. Rodeado de restaurantes, zonas de ocio, un centro comercial, parques y centro de salud, tendrás todo lo que necesitas al alcance de tu mano. , La entrada/salida a la A3 está a solo dos minutos. Este piso se encuentra situado en la sexta planta, orientado al norte y este, cuenta con ascensor, piscina, zona de coworking, gimnasio y spa incluido en la cuota de la comunidad, además de conserje 24h. Con una clase energética A, este inmueble es una oportunidad única para vivir en un entorno moderno y sostenible. ¡No dejes pasar esta oportunidad y ven a visitarlo!",False,good,False,5238.0,False,False,False,False,[],False,False,330000.0,€,,,,True,True,flat,,"Rivas Futura, Rivas-Vaciamadrid",Piso en avenida de José Hierro,6,True,Rivas Futura,True,,,
107856074,https://img4.idealista.com/blur/480_360_mq/0/id.pro.es.image.master/13/f1/e8/1359025228.webp,3610-00801,66,925000.0,chalet,sale,578.0,6,5,Pino Alto - Navarredonda,Madrid,Valdemorillo,es,40.5176546,-4.0482485,False,https://www.idealista.com/inmueble/107856074/,"ESPECTACULAR CHALET DE LUJO, CON ACABADOS DE ALTA CALIDAD, JARDIN DE DISEÑO Y PISCINA, EN LA MEJOR ZONA DE PINO ALTO EN VALDEMORILLO.  Este magnifico chalet, de planta rectangular, se encuentra ubicado en una posición centrada dentro de la parcela, permitiendo disponer de unas amplias zonas ajardinadas tanto en la parte frontal, como en la parte posterior. La planta baja dispone de un hall que distribuye al resto de las plantas, . En esta planta se encuentra un amplio salón- comedor con chimenea y 3 grandes ventanales que acceden a un porche, orientado al este, para desayunar en el exterior con el sol de la mañana. En esta planta también dispone de una amplia cocina, un aseo de cortesía, y 2 habitaciones dobles, que comparten un amplio baño completo. La planta primera, se conforma con un amplio salón, con zona de lectura, con 2 grandes ventanales de acceso a una gran y espectacular terraza, con vistas a la Sierra de Guadarrama. En esta planta además, hay 3 habitaciones, con un baño completo a compartir, y una gran suite, con baño completo con hidromasaje. El chalet dispone de una planta sótano, donde se encuentran diferentes estancias: la bodega, con una zona de degustación, un cuarto de gimnasio, un cuarto para el personal de servicio, un baño completo con ducha y cuarto de lavado y plancha, además de la zona de parking, con capacidad para 2 vehículos en fila.  También dispone de un parking adicional con capacidad para 1 vehículo, ubicado en la amplia rampa de acceso al garaje. En el techo de esta instalación se encuentran las placas solares para el calentamiento del agua de la piscina. En el exterior y, al lado de la piscina hay un baño. En un lateral del jardín, se encuentra ubicada, otra instalación, que consta de una habitación multiusos, y de la zona Spa, con sauna finlandesa, baño turco, y zona de descanso con un pequeño jardín vertical. No se puede pedir más, la magnifica ubicación, las instalaciones, las calidades, el club social y zona comunitaria de la urbanización a un paso del chalet, las vistas, hacen un conjunto inigualable, a un precio óptimo. Si buscas algo excepcional, este es el chalet, no dudes en contactarnos para ampliar información y programar una visita..",True,good,False,1600.0,True,False,True,False,[],False,False,925000.0,€,,,,True,True,chalet,independantHouse,"Pino Alto - Navarredonda, Valdemorillo",Casa independiente,,,Pino Alto - Navarredonda,,,,
107987931,https://img4.idealista.com/blur/480_360_mq/0/id.pro.es.image.master/13/33/47/1330400716.webp,4199,17,490000.0,flat,sale,65.0,1,1,calle Fresa,Madrid,Madrid,es,40.4165563,-3.706435,False,https://www.idealista.com/inmueble/107987931/,"ALTOR ASESORES ofrece piso en calle Fresa con 1 dormitorios, 1 baño, 65 metros cuadrados, con balcón y exterior. Este acogedor piso cuenta con una habitacion, un baño completo, cocina y un salón luminoso. Gracias a su balcón exterior, la vivienda disfruta de una excelente entrada de luz natural, lo que la hace especialmente agradable y cálida. Se encuentra en buen estado de conservación, lista para entrar a vivir. Ubicado en la calle Fresa, ubicación privilegiada, a escasos metros de la Plaza Mayor y la Puerta del Sol. En sus alrededores, los residentes y visitantes pueden disfrutar de una amplia oferta de servicios: comercios, restaurantes, Transporte: La zona está bien comunicada mediante transporte público, con estaciones de metro cercanas como Sol y Tirso de Molina, y paradas de autobús en las inmediaciones.  ofrece la experiencia de residir en el centro histórico de Madrid, con acceso inmediato a una amplia gama de servicios, actividades culturales y opciones de ocio. La zona combina el encanto de las calles tradicionales con la comodidad de la vida urbana moderna. En resumen, la Calle de la Fresa es una opción ideal para quienes buscan una residencia en el corazón de Madrid, con una rica historia y una vibrante vida urbana.",True,good,False,7538.0,False,False,False,False,[],False,False,490000.0,€,,,,,,flat,,"Sol, Madrid",Piso en calle Fresa,4,True,Centro,False,,Sol,
103530671,https://img4.idealista.com/blur/480_360_mq/0/id.pro.es.image.master/dd/d2/53/1219747360.webp,000284,37,275000.0,chalet,sale,211.0,5,1,Nuevo Aranjuez-Ciudad de las Artes,Madrid,Aranjuez,es,40.0273817,-3.5897966,False,https://www.idealista.com/inmueble/103530671/,"¡Tu nuevo hogar te espera! ¿Imaginas vivir en una casa donde cada rincón refleje tu estilo personal? Esta **casa independiente de una sola planta** es la oportunidad perfecta para hacerlo realidad. Con **211 metros construidos** y una generosa **parcela de 428 metros**, este espacio te ofrece un lienzo en blanco para crear el hogar de tus sueños. La vivienda cuenta con **2 amplios salones**, donde podrás disfrutar de momentos inolvidables con familia y amigos, (uno de ellos lo podrás acondicionar para que sea un amplio dormitorio principal, con zona de vestidor). Sus **4 dormitorios** te brindarán la privacidad que necesitas, y el **baño y la cocina** ofrecen múltiples opciones para que los adaptes a tu gusto. Además, el encantador **patio a dos alturas**, será el escenario ideal para tus reuniones al aire libre, relajarte o cultivar tu propio jardín. donde además encontrarás un salón con una maravillosa chimenea, donde poder disfrutar de una buena velada con el calor de la llamas. Situada en un barrio **tranquilo y acogedor**, tendrás la comodidad de tener colegios, supermercados y el centro de salud a solo 5 minutos. La casa, al hacer esquina, se beneficia de una **gran luminosidad** gracias a sus tres accesos. ¡Imagina despertar cada mañana con luz natural inundando tu hogar! No dejes escapar la oportunidad de adquirir esta casa baja, que incluye un **garaje de aproximadamente 30 metros**, perfecto para tus necesidades**.  Te invitamos a que vengas a conocerla y a visualizarte viviendo aquí.  ¡Haz de esta casa el lugar donde crearás tus mejores recuerdos! **Llámanos para más información sin compromiso**.  Recuerda, **no cobramos honorarios al comprador**.",False,renew,False,1303.0,True,False,False,True,[],False,False,275000.0,€,,,,True,True,chalet,independantHouse,"Nuevo Aranjuez-Ciudad de las Artes, Aranjuez",Casa independiente,,,Nuevo Aranjuez-Ciudad de las Artes,,,,
108012779,https://img4.idealista.com/blur/480_360_mq/0/id.pro.es.image.master/95/60/69/1331175111.webp,1537,61,690000.0,chalet,sale,323.0,3,3,"camino de los Malatones, 59",Madrid,Algete,es,40.6132572,-3.5375672,True,https://www.idealista.com/inmueble/108012779/,"Situado en una exclusiva urbanización privada de Algete, este chalet adosado ofrece un entorno tranquilo y familiar, con pocos vecinos y una excelente orientación que garantiza luz natural y sol durante todo el día. La urbanización cuenta con zonas comunes, piscina y áreas de juego, con un bajo coste de comunidad, aproximadamente 150€ mensuales. Construido en 2005, el inmueble se encuentra en buen estado, de origen, y se distribuye en cuatro plantas. En la planta baja destaca un amplio salón con un ventanal que propicia unas vistas al jardín con salida a un patio solado de aproximadamente 30m2 y al propio jardín de unos 60m2, ideal para disfrutar del aire libre. La orientación del jardín es suroeste. También encontramos una cocina independiente con espacio de tendero amplio dónde se encuentra la zona de lavado y la caldera, un aseo de cortesía y acceso tanto a la planta sótano como a las plantas superiores. El sótano es suficientemente luminoso gracias a sus ventanas, ofrece una generosa zona multiusos y un garaje privado con capacidad para tres coches con dos portones de acceso al mismo, totalmente independiente de la calle común. En la primera planta se encuentran tres dormitorios de buen tamaño, uno de ellos con baño en suite y vistas a la fachada oeste, con un gran ventanal que ofrece una amplia vista, los otros dos se orientan al este. Además, hay un segundo baño completo y amplio. La planta superior es una estancia diáfana, muy luminosa y versátil, perfecta como sala de estar, despacho o dormitorio adicional. Incluso, según parece hay posibilidad de incorporar un baño. Este chalet es una excelente opción para quienes buscan tranquilidad, amplitud y buena orientación en una zona bien comunicada de Madrid. Resumen de superficies: * Superficie construida según escrituras: Pendiente de incorporar * Superficie catastral: Superficie construida 323m2 ALMACÉN-1,122m2 VIVIENDA, 0, 82m2 VIVIENDA, 1,72m2 ALMACÉN, 2, 42m2 ELEMENTOS COMUNES 5m2 * SUPERFICIE ÚTIL: PENDIENTE DE INCORPORAR EL IBI ES DE APROXIMADAMENTE 850€ LA COMUNIDAD ES DE APROXIMADAMENTE 150€ Nuestros honorarios serán por cuenta de la parte compradora por el 2% más el IVA correspondiente mediante factura de curso legal a la conclusión de la compraventa en notaría.  Todos los gastos de la compra serán por cuenta de la parte compradora excepto la plusvalía que será por cuenta de la parte vendedora, salvo pacto en contra. Su tranquilidad, nuestra preocupación.",False,good,False,2136.0,False,False,False,True,[],False,False,690000.0,€,710000.0,20000.0,3.0,True,True,chalet,terracedHouse,Algete,"Chalet adosado en camino de los Malatones, 59",,,,,,,
108388860,https://img4.idealista.com/blur/480_360_mq/0/id.pro.es.image.master/6c/85/e4/1342634490.webp,2001/20010001/60,26,226000.0,flat,sale,57.0,3,1,Barrio Amposta,Madrid,Madrid,es,40.4270726,-3.6215038,False,https://www.idealista.com/inmueble/108388860/,"""ESTUPENDA VIVIENDA EN VENTA Excelente vivienda de tres dormitorios y un baño. Se encuentra en la 2ª planta de un edificio residencial. No dispone de ascensor. Situado en AMPOSTA en el distrito de San Blas. La vivienda se distribuye en tres dormitorios, salón-comedor, cocina americana y un baño. Cuenta con cocina amueblada y equipada con muebles altos y bajos, vitrocerámica, horno y campana extractora. Dispone de suelos de tarima en cocina, baño y en el resto de estancias. Se encuentra ubicado en Amposta, San Blas (Noreste de Madrid). Cuenta con fácil acceso a través de las principales carreteras y buenas comunicaciones por transporte público.    La parada de metro más cercana es Simancas y se encuentra a menos de 5 minutos andando. La parada de autobús más cercana es Pobladura del Valle-Alconera y se encuentra a menos de 5 minutos andando. La parada de taxi más cercana se encuentra a menos de 10 minutos andando.    En su entorno existen viviendas plurifamiliares de similares características. La zona cuenta con todo tipo de servicios básicos, el centro de salud más cercano se encuentra a 210 metros, existen 2 farmacias a menos de 300 metros, el colegio más cercano se encuentra a 280 metros. Además, a menos de 500 metros también puedes encontrar 3 supermercados, 4 bancos, una lavandería, una comisaría de policía, 2 estaciones de bomberos.    La zona cuenta con una amplia oferta de entretenimiento con un teatro, 3 parques, bares, restaurantes y comercios a pocos minutos de la vivienda. En cuanto al transporte privado, la zona dispone de parkings privados y aparcamiento en la calle. La vivienda tiene un fácil acceso por carretera y está bien comunicado a través de la Plaza de Eisenhower, Avenida de Arcentales y la Calle de San Romualdo. Estado de la vivienda: vacante. "".",True,good,False,3965.0,True,False,True,False,[],False,False,226000.0,€,,,,,,flat,,"Amposta, Madrid",Piso,2,True,San Blas,False,,Amposta,
108906608,https://img4.idealista.com/blur/480_360_mq/0/id.pro.es.image.master/02/00/40/1358561245.webp,,69,560000.0,flat,sale,103.0,2,2,CL AVE MARIA,Madrid,Madrid,es,40.4124995,-3.7005651,False,https://www.idealista.com/inmueble/108906608/,"AVC INMOBILIARIO VENDE: Magnífico piso en el centro de Madrid, entre los barrios de Huertas y Lavapiés con REFORMA INTEGRAL A ESTRENAR de altas calidades. La reforma se ha realizado manteniendo las vigas de madera maestras cuidando el detalle, incluyendo paredes de ladrillo antiguo visto, y pilares de madera. DOS DORMITORIOS dobles amplios TOTALMENTE EXTERIOR CON ALTOS TECHOS Y TRES BALCONES a la calle Ave María, siendo una calle amplia y arbolada. Muy luminoso con luz natural durante todo el día. A pocos metros de la estación de Metro Antón Martin (L-1) y Lavapiés (L-3). Este magnífico piso consta de: - DOS dormitorios (antes DE LA REFORMA eran TRES): uno de ellos doble con baño en SUITE y el otro es muy amplio con cama de matrimonio. Ambos con armarios de gran capacidad de almacenaje sobre estructura fija de hormigón abierto con detalle de cortinas. Dos balcones, uno en cada uno de los dormitorios. - Estupendo vestidor de 3 metros de altura - Amplio salón muy luminoso con vigas vistas y salida a balcón - Cocina independiente totalmente equipada con vitrocerámica, horno campana extractora de humos, nevera de diseño vintage con congelador y lavadora - Sala de estar antes de cocina equipada con sofá de estructura completamente equipo. - DOS BAÑOS, uno de ellos en suite con bañera exenta de patas y diseño vintage y el otro con estupendo plato de ducha con mampara de cristal, contando con mobiliario PREMIUM de madera maciza. Está decorado con un estilo muy marcado VINTAGE, la cerámica en suelo de toda la vivienda es hidráulica auténtica dándole un carácter, con vigas de madera a la vista que te sumergirá en un ambiente de ensueño. La CALEFACCION es de GAS NATURAL con radiadores en todas las estancias. Asimismo, ventiladores de madera con luz regulable se encuentran en el salón, en las dos habitaciones y en el cuarto de estar. Un maravilloso pasillo de ladrillo visto comunica las diferentes estancias. Los balcones de madera son de altísima calidad, y les acompañan contraventanas también de madera, contando con un sistema que aísla completamente del frio/calor y del ruido. Asimismo, tanto la cocina como el cuarto de estar tienen grandes ventanas de madera con el mismo aislamiento término y acústico. Ideal para quienes quieren aprovechar todo lo que su ubicación privilegiada puede ofrecer, en un acogedor y tranquilo refugio en el centro de Madrid Rodeado restaurantes modernos y teatros, se encuentra en una de las zonas mejor comunicadas de Madrid y con mayor oferta cultural y gastronómica de la capital. A escasos 300 metros del Museo Nacional Centro de Arte Reina Sofia, La Biblioteca de las Escuelas Pías, el Mercado de Antón Martín, la Filmoteca Española, el cine-bar Sala Equis. Muy próximo a los barrios de La Latina, donde los domingos se hace el famoso Rastro de Madrid y a la Puerta del Sol, centro neurálgico de la capital, su ubicación privilegiada nos facilita la comunicación con cualquier punto de la ciudad y alrededores. *honorarios de cuanta de la parte compradora.",False,good,False,5437.0,False,False,False,False,[],False,False,560000.0,€,,,,,,flat,,"Lavapiés-Embajadores, Madrid",Piso en Cl Ave Maria,3,True,Centro,True,,Lavapiés-Embajadores,
108688412,https://img4.idealista.com/blur/480_360_mq/90/id.pro.es.image.master/15/2c/93/1352196835.webp,,29,475000.0,studio,sale,50.0,0,1,calle de Narváez,Madrid,Madrid,es,40.4164111,-3.6763182,False,https://www.idealista.com/inmueble/108688412/,"Estudio ideal de 50 m2. Está recién reformado con mucho gusto. Situado en el barrio de Salamanca. Es una oportunidad estupenda. Para entrar ya. Se trata de una cuarta planta. Portal en buen estado. Portero todo el día. Edifico de 1996. Se distribuye cómodamente en: salón- comedor, cocina abierta ( con electrodomésticos grandes) de 27 m2, además una habitación abierta, dormitorio con amplios armarios que se podría aislar y un cuarto de baño en suite con ducha. La lavadora y termo situados en hueco aislado. Cuenta con mucha luz ya que a pesar de ser interior tiene altura y da a un patio grande, luminoso y acogedor con jardín. Se entrega amueblado con muy buen gusto.  Gastos de comunidad 97 €/mes (Incluye calefacción) Aire acondicionado y Calefacción central. La Finca tiene garaje propio con 100 Plazas, donde se podría comprar o alquilar. Y también otro hay otro parking en las proximidades. Muy bien situado cercano a comercios, restaurantes, etc.",True,good,False,9500.0,True,False,False,False,[],False,False,475000.0,€,,,,,,flat,studio,"Ibiza, Madrid",Estudio en calle de Narváez,4,False,Retiro,True,,Ibiza,
108263859,https://img4.idealista.com/blur/480_360_mq/0/id.pro.es.image.master/41/a3/8c/1338910131.webp,2110/21100022/252,24,215000.0,flat,sale,35.0,1,1,Barrio Palos de la Frontera,Madrid,Madrid,es,40.4044209,-3.7001507,False,https://www.idealista.com/inmueble/108263859/,"""ESTUPENDA VIVIENDA EN VENTA Excelente vivienda de un dormitorio y un baño. Se encuentra en la planta baja de un edificio residencial. No dispone de ascensor. Situado en Palos de Moguer en el distrito de Arganzuela. La vivienda se distribuye en un dormitorio y, salón-comedor con acceso a terraza, cocina independiente y un baño. Cuenta con cocina amueblada y equipada con muebles altos y bajos, vitrocerámica, horno y campana extractora. Dispone de suelos de gres en cocina, baño y en el resto de estancias. Se encuentra ubicado en Palos de Moguer, Arganzuela (Sureste de Madrid). Cuenta con fácil acceso a través de las principales carr eteras y buenas comunicaciones por transporte público.  La parada de metro más cercana es Embajadores y se encuentra a menos de 10 minutos andando. La parada de autobús más cercana es Teatro Circo Price y se encuentra a menos de 5 minutos andando. La parada de taxi más cercana se encuentra a menos de 10 minutos andando.  En su entorno existen viviendas plurifamiliares de similares características. La zona cuenta con todo tipo de servicios básicos, el centro de salud más cercano se encuentra a 350 metros, existen farmacias a menos de 300 metros, existen 2 colegios a menos de 300 metros, la universidad más cercana se encuentra a 150 metros. Además, a menos de 500 metros también puedes encontrar supermercados, bancos, lavanderías, oficinas de correos. La zona cuenta con una amplia oferta de entretenimiento con una biblioteca, un cine, teatros, gimnasios, parques, centros culturales, bares, restaurantes y comercios a pocos minutos de la vivienda. En cuanto al transporte privado, la zona dispone de parkings privad os, un parking público y aparcamiento en la calle.  La vivienda tiene un fácil acceso por carretera y está bien comunicado a través d e la Calle 30, Ronda de Atocha y la Calle de Palos de la Frontera.  Estado de la vivienda: vacante "".",True,good,False,6143.0,True,False,True,False,[],False,False,215000.0,€,,,,,,flat,,"Palos de la Frontera, Madrid",Piso,bj,True,Arganzuela,False,,Palos de la Frontera,
107836603,https://img4.idealista.com/blur/480_360_mq/0/id.pro.es.image.master/f9/d0/c8/1325810416.webp,,21,715000.0,flat,sale,94.0,2,2,"calle de Enrique de Aldama, 1",Madrid,Madrid,es,40.4745235,-3.736289,True,https://www.idealista.com/inmueble/107836603/,"E S P E C T A C U L A R 2+2 A E S T R E N A R E N U N A D E L A S Z O N A S M Á S E X C L U S I V A S D E M A D R I D. Lujo, Puerta de Hierro. DISTRIBUCIÓN Se accede a la vivienda a través de un hall de entrada que nos da acceso a la zona de cocina de cocina y salón. Estas dos dependencias están unidas creando un magnífico espacio con muchísima luz que a través de los grandes ventanales tenemos vistas al exterior de la urbanización. La cocina está equipada con todos los electrodomésticos (horno, frigorífico, lavaplatos, lavadora, campana extractora y microondas), cuenta con muebles de diseño a medida y un gran espacio de almacenamiento. A partir de ahí, accedemos a la zona dormitorio donde encontramos dos dormitorios con dos cuartos de baño. El primero de los dormitorios, de gran tamaño, cuenta con armario empotrado. Le corresponde un baño completo con bañera que además hace la veces de baño de cortesía ya que se encuentra independiente a la habitación. El segundo dormitorio es en suite con el baño incorporado. Es de grandes dimensiones y también cuenta con armario empotrado. El baño es completo y en este caso cuenta con ducha.  La vivienda cuenta con garaje y trastero con acceso directo desde el portal. Las calidades y diseño de la vivienda son de lujo. El sistema de climatización es por suelo radiante y refrescante contando además en caso de ser necesario con sistema de aire acondicionado. Destaca la luz de la vivienda. URBANIZACIÓN La urbanización es espectacular, cuenta con con servicio de conserjería y vigilancia.  Videovigilancia conectada y cámaras a lo largo de toda la urbanización. La zonas comunes, están concebidas para el disfrute comunitario contando con una espectacular piscina exterior de gran tamaño para la cantidad de vecinos que componen la comunidad. También cuenta con piscina infantil. Gastrobar, que se compone de una sala de reunión comunitaria con todos los servicios como cocina, Tv, mesas, sillas, sillones y jardín apto para todo tipo de eventos y celebraciones. Pista de pádel. Jardines a lo largo de la urbanización y parque infantil. UBICACIÓN  La vivienda se encuentra ubicada en la zona de Puerta de Hierro que para el que no conoce Madrid, se trata de una de las zonas más exclusivas de la capital. Alrededor de la vivienda está en construcción urbanizaciones similares de obra nueva que va enriquecer toda la zona convirtiéndola en una de las manzanas más lujosas de la ciudad. Muy cercano al Pardo y a la Dehesa de la Villa, la ubicación es perfecta para acceder a cualquier lugar de la ciudad sin necesidad de coger el coche con el añadido de tener comunicación directa a todas las grandes vías de circulación. Quedamos a su disposición para visitarlo de lunes a sábado en horario comercial. Muchas gracias por su atención. Les saluda atentamente, el equipo de R e a l u x.",True,good,False,7606.0,False,False,True,False,[],False,False,715000.0,€,735000.0,20000.0,3.0,True,True,flat,,"Peñagrande, Madrid","Piso en calle de Enrique de Aldama, 1",1,True,Fuencarral,True,,Peñagrande,
108905937,https://img4.idealista.com/blur/480_360_mq/0/id.pro.es.image.master/3f/6e/35/1359173695.webp,25VIV12467,4,92400.0,flat,sale,86.0,3,1,calle de Colmenar,Madrid,Cerceda,es,40.6970882,-3.9316618,False,https://www.idealista.com/inmueble/108905937/,*Más info. en web y redes: BHORUS* Aquí podrás informarte en detalle de la subasta. Bhorus SL es la única empresa a nivel NACIONAL con documentación demostrable en todo tipo de operaciones de subasta. ¡Cuidado! Las subastas tienen mucho riesgo si no son analizadas por los profesionales adecuados. Accede a nuestra web o redes para más información.,False,good,False,1074.0,False,False,False,False,[],False,False,92400.0,€,,,,,,flat,,Cerceda,Piso en calle de Colmenar,1,False,,,,,
108452930,,107957,0,450900.0,flat,sale,141.0,4,2,"calle Virgen de Loreto, 20",Madrid,Alcalá de Henares,es,40.5005499,-3.34429,True,https://www.idealista.com/obra-nueva/108452930/,"ÚLTIMOS PISOS DE 3 DORMITORIOS Pisos y áticos con terraza, bajos con jardín, 2, 3 y 4 dormitorios y excelentes zonas comunes en Alcalá de Henares. VIVIR A LO GRANDE es tener tu casa en una zona consolidada, con los servicios que necesitas para tu jornada como colegios y universidad, supermercados y centros comerciales, centro de salud y hospital, parques, transporte público, buen acceso por carretera y a 10 minutos del centro de Alcalá. VIVIR A LO GRANDE es elegir el espacio que necesitas, pisos con terraza, áticos y bajos de 2, 3 y 4 dormitorios con garaje, trastero y zonas comunes.  VIVIR A LO GRANDE es tener las mejores zonas comunes que se pueden: piscina infantil y de adultos con su zona de solárium, espacio fitness, picnic, juegos infantiles, salón de ocio, aparcamiento bicis en una urbanización privada única. VIVIR A LO GRANDE es personalizar a tu gusto tu hogar con una amplia gama de acabados con colecciones que actualizamos constantemente de solados, alicatados, muebles de baño, carpintería, interior de armarios, pinturas y puerta acorazada te están esperando y son SIN COSTE PARA. VIVIR A LO GRANDE es tener una casa con materiales sostenibles. Equipos de aerotermia son la fuente de energía renovable y respetuosa con el medio ambiente que usará la vivienda junto con suelo radiante refrescante, con solado cerámico y otros materiales y técnicas usadas en la construcción que al final tienen como objetivo que la vivienda sea confortable, saludable y segura.  CASAS SOSTENIBLES: los sistemas constructivos y materiales empleados han conseguido que puedas vivir en un hogar totalmente eficiente con un consumo de energía casi nulo. Queremos ir un paso más allá y reforzar nuestro compromiso medioambiental para que sea tu mejor inversión de futuro: BREEAM® es el método de evaluación y certificación de la sostenibilidad en la edificación técnicamente más avanzado. Por ello, se compromete a la obtención del prestigioso certificado BREEAM®, y para ello ha iniciado los trámites para cumplir con todos los requisitos desde el primer momento. Las imágenes de interiores son ilustrativas con respecto a las calidades y corresponde a otras viviendas construidas. Consultar la memoria de calidades en la oficina.",False,newdevelopment,True,3198.0,False,False,False,False,[],False,False,450900.0,€,,,,,,flat,,"El Pilar - Bripac, Alcalá de Henares","Piso en calle Virgen de Loreto, 20",,True,El Pilar - Bripac,,,,False
108391164,https://img4.idealista.com/blur/480_360_mq/0/id.pro.es.image.master/a5/7e/84/1342718584.webp,,43,2550000.0,countryHouse,sale,468.0,5,5,camino San Martín de la Vega s/n,Madrid,Arganda,es,40.2835484,-3.4928215,True,https://www.idealista.com/inmueble/108391164/,"Savills presenta está exclusiva propiedad en un entorno natural privilegiado, con casa de invitados y majestuoso olivar centenario.  Ubicada en Arganda del Rey, a tan solo 25 minutos del centro de Madrid, esta magnífica finca ofrece una combinación perfecta de confort, privacidad y naturaleza.   La propiedad se compone de dos viviendas independientes, enclavadas en una extensa parcela rodeada de más de 500 olivos, que otorgan un carácter único y un entorno incomparable.  La residencia principal dispone de un amplio y luminoso salón-comedor, una generosa cocina abierta con zona de lavandería, aseo de cortesía, sala de televisión y tres dormitorios. Dos de ellos comparten un baño completo, mientras que el dormitorio principal goza de baño en suite, garantizando comodidad y privacidad.  La casa de invitados totalmente a estrenar, ofrece una elegante distribución con cocina integrada al salón, un dormitorio con baño completo y una espaciosa suite con vestidor. Adicionalmente, cuenta con una zona independiente destinada al guardés o personal de servicio, equipada con cocina, salón, baño completo y un dormitorio ubicado en la planta superior.  Ambas viviendas están equipadas con placas solares, lo que refuerza el compromiso con la eficiencia energética y la sostenibilidad.    En el exterior, la propiedad dispone de dos plazas de garaje cubiertas, una fuente, una gran piscina ideal para disfrutar en temporada estival, y una zona de barbacoa perfecta para reuniones al aire libre. El activo dispone de 3 pozos.   El conjunto de la finca representa una oportunidad única para quienes buscan una residencia señorial, rodeada de naturaleza y a un paso de la ciudad. ¡Contáctenos para más información y concertar una visita!",False,good,False,5449.0,False,False,False,False,[],False,False,2550000.0,€,,,,True,True,countryHouse,countryHouse,"Zona Industrial, Arganda",Finca rústica en camino San Martín de la Vega s/n,,,Zona Industrial,,,,
105330598,https://img4.idealista.com/blur/480_360_mq/0/id.pro.es.image.master/d1/1d/08/1281607069.webp,1524,43,4100000.0,flat,sale,565.0,6,0,Barrio Huertas-Cortes,Madrid,Madrid,es,40.4150354,-3.6993726,False,https://www.idealista.com/inmueble/105330598/,"Presentamos esta majestuosa Casa-Palacio emblemática, situada en una de las zonas más exclusivas de Madrid, al lado del Palacio de las Cortes y del prestigioso Hotel Four Seasons. Este inmueble exterior cuenta con 7 balcones a la calle, dos de ellos acristalados. Dispone de un gran patio interior con amplios ventanales que proporcionan mucha luminosidad. Los techos, con una altura impresionante de 4,10 metros, aportan una sensación de amplitud y elegancia inigualable. Además, existe la posibilidad de segregar el espacio en dos pisos independientes de 250 m² y 280 m², adaptándose a tus necesidades y estilo de vida. La casa ha sido completamente rehabilitada y está lista para que completes la reforma a tu gusto, creando el hogar de tus sueños. No pierdas esta oportunidad única de vivir en una ubicación inmejorable, con infinitas posibilidades de reforma y personalización. ¡Ven a descubrir todo el potencial que esta Casa-Palacio tiene para ofrecerte!",True,renew,False,7257.0,True,True,False,False,[],False,False,4100000.0,€,,,,,,flat,,"Huertas-Cortes, Madrid",Piso,1,True,Centro,True,,Huertas-Cortes,
108853844,https://img4.idealista.com/blur/480_360_mq/0/id.pro.es.image.master/84/05/f2/1357060351.webp,,27,590000.0,flat,sale,98.0,2,1,calle del Marqués de Santa Ana,Madrid,Madrid,es,40.4258485,-3.7045165,False,https://www.idealista.com/inmueble/108853844/,"GRAN OPORTUNIDAD DE PRIMERA VIVIENDA O INVERSIÓN. ESPECTACULAR PISO EXTERIOR CON DOS BALCONES EN MALASAÑA.  >>>DISEÑA A TU ESTILO LA CASA DE TUS SUEÑOS. >>>DISFRUTA DE UNA UBICACIÓN EXCEPCIONAL Y CÉNTRICA. >>>RESIDE EN UNA FINCA HISTORICA PERO EN UN INMUEBLE REFORMADO DE DISEÑO. >>>INVIERTE EN LA ZONA MÁS DEMANDADA DE MADRID.  Presentamos una vivienda única en una de las zonas más exclusivas de Madrid. El inmueble, con 2 balcones y grandes ventanales, se divide en hall, salón comedor, 2 dormitorios, baño, y cocina independiente. Portal y zonas comunes recién reformados íntegramente. UBICACIÓN Este espectacular piso a reformar con grandes posibilidades se ubica en Malasaña, el barrio más de moda de la capital, a pocos metros de Callao y Gran Vía. A su alrededor tenemos varios metros (Callao, Santo Domingo, San Bernardo, Tribunal, Plaza de España, etc. ) con conexiones con una gran cantidad de líneas. Además, su ubicación céntrica permite ir andando a los principales puntos de interés de la ciudad.  DISTRIBUCIÓN La ausencia de muros de carga en zonas seleccionadas permite crear la distribución a su gusto. Además consta de grandes ventanales y balcones al exterior, dando grandes oportunidades de reforma.  POSIBILIDADES Y PROYECTO La vivienda tiene grandes ventanales y techos muy altos, típicos de las fincas históricas de Madrid. Nuestro equipo de profesionales le podrá presentar el proyecto de reforma así como varias proyecciones de costes.  ESTADO  La vivienda está disponible para la reforma integral al gusto del futuro propietario. Con espacios amplios y luminosos, además de una ubicación privilegiada.    No dudes en contactar con nosotros para más información y concertar una visita presencial o virtual.",False,renew,False,6020.0,True,False,False,False,[],False,False,590000.0,€,,,,,,flat,,"Malasaña-Universidad, Madrid",Piso en calle del Marqués de Santa Ana,2,True,Centro,False,,Malasaña-Universidad,
108388604,https://img4.idealista.com/blur/480_360_mq/0/id.pro.es.image.master/ac/df/0a/1342633787.webp,2001/20010001/405,33,207000.0,flat,sale,68.0,3,1,Barrio Buena Vista,Madrid,Madrid,es,40.3708543,-3.7510964,False,https://www.idealista.com/inmueble/108388604/,"""ESTUPENDA VIVIENDA EN VENTA Excelente vivienda de tres dormitorios y un baño. Se encuentra en la 1ª planta de un edificio residencial. No dispone de ascensor. Situado en BUENA VISTA en el distrito de Carabanchel. La vivienda se distribuye en tres dormitorios, armarios empotrados, salón-comedor, cocina independiente y un baño. Cuenta con cocina amueblada y equipada con muebles altos y bajos, vitrocerámica, horno y campana extractora. Se encuentra ubicado en Buena Vista, Carabanchel (Suroeste de Madrid). Cuenta con fácil acceso a través de las principales carreteras y buenas comunicaciones por transporte público.    La parada de metro más cercana es Carabanchel Alto y se encuentra a menos de 5 minutos andando. La parada de autobús más cercana es Metro Carabanchel Alto y se encuentra a menos de 5 minutos andando. La parada de taxi más cercana se encuentra a menos de 5 minutos andando.    En su entorno existen viviendas plurifamiliares de similares características. La zona cuenta con todo tipo de servicios básicos, el hospital más cercano se encuentra a 210 metros, existen 2 farmacias a menos de 300 metros. Además, a menos de 500 metros también puedes encontrar 2 supermercados, 5 bancos, una lavandería.    La zona cuenta con una amplia oferta de entretenimiento con un gimnasio, 9 parques, bares, restaurantes y comercios a pocos minutos de la vivienda. En cuanto al transporte privado, la zona dispone de parkings privados y aparcamiento en la calle. La vivienda tiene un fácil acceso por carretera y está bien comunicado a través de la R-5, Avenida de Carabanchel Alto y la Calle de Joaquín Turina. Estado de la vivienda: vacante. "".",True,good,False,3044.0,True,False,True,False,[],False,False,207000.0,€,,,,,,flat,,"Buena Vista, Madrid",Piso,1,True,Carabanchel,False,,Buena Vista,
102006247,https://img4.idealista.com/blur/480_360_mq/0/id.pro.es.image.master/64/d6/d1/1264819577.webp,CAN0000161281,37,667000.0,chalet,sale,747.0,8,5,calle del Ángel,Madrid,Alcalá de Henares,es,40.4848825,-3.3665609,False,https://www.idealista.com/inmueble/102006247/,"Edificio en venta con 8 salas polivalentes, 5 baños, cocina equipada y una sala principal con chimenea y grandes ventanales, distribuido en varias plantas, ubicado en el corazón de Alcalá de Henares (Madrid). Situado estratégicamente junto a la Vía Complutense, este edificio ofrece una ubicación inmejorable en el centro de la localidad. La excelente ubicación también proporciona una conectividad excepcional, con varias paradas de autobús en las proximidades y a solo 600 m de la estación de tren de Alcalá de Henares. Además, cuenta con una comunicación privilegiada con las principales vías de acceso como la A-2, M-100, M-119 y R-2, lo que permite un fácil desplazamiento hacia Madrid y otras localidades cercanas. Este edificio es una oportunidad única para quienes buscan un espacio versátil y bien situado en una de las zonas más demandadas de Alcalá de Henares. ¿Es este el inmueble que necesitas? Contacta con nosotros. En Aliseda Inmobiliaria tenemos la mayor oferta de inmuebles al mejor precio garantizado. Descubre nuestra amplia oferta inmobiliaria y no pierdas la oportunidad de encontrar el edificio perfecto para ti. (*) Algunas fotografías han sido mejoradas digitalmente o son recreaciones virtuales. La vivienda se vende sin amueblar.",True,good,False,893.0,True,False,True,False,[],False,False,667000.0,€,715000.0,48000.0,7.0,,,chalet,,"San Isidro - Los Almendros, Alcalá de Henares",Chalet en calle del Ángel,,,San Isidro - Los Almendros,,,,
108010205,https://img4.idealista.com/blur/480_360_mq/0/id.pro.es.image.master/b5/48/9f/1331078387.webp,,35,610000.0,flat,sale,87.0,2,2,calle de Orense,Madrid,Madrid,es,40.462262,-3.6920015,False,https://www.idealista.com/inmueble/108010205/,"Con dos TERRAZAS Edificio de lujo ubicado en la zona de Cuzco, muy cercano al centro financiero de Madrid, cuenta con portal representativo, cuatro ascensores, suministros centrales con contadores individuales. En la misma finca hay planta sótano con garaje y, frecuentemente, hay plazas en alquiler.  Piso completamente exterior, 87 m 2 distribuidos en salón con la terraza incorporada, dos dormitorios con armarios empotrados, el dormitorio principal incorpora otra pequeña terraza, un baño completo y un aseo de cortesía y cocina comunicada con el salón. Esta vivienda tiene la altura de un tercer piso por la orografía del terreno, desde todas las habitaciones tiene vistas a la calle, dos orientaciones. Muy luminoso, en buen estado de conservación a falta de alguna actualización NOTA: EL TOUR CORRESPONDE A UNA OPCIÓN DE REFORMA, no a su estado actual.  Ubicación espléndida a un par de manzanas del Paseo de la Castellana, una zona con todo tipo de servicios y la más amplia oferta gastronómica y de ocio que disfruta de un ambiente elegante y animado. Luminoso y soleado, las terrazas aportan un valor extra a la vivienda permitiendo pequeños espacios al aire libre. Un apartamento en edificio de lujo y en una localización inmejorable. Pinchando en el enlace a nuestra web puede acceder a UN PLANO CON MEDIDAS Y OPCIONES ALTERNATIVAS DE REFORMA de la vivienda realizadas por nuestro arquitecto.",True,good,False,7011.0,True,True,False,False,[],False,False,610000.0,€,,,,,,flat,,"Cuzco-Castillejos, Madrid",Piso en calle de Orense,2,True,Tetuán,True,,Cuzco-Castillejos,
108103192,https://img4.idealista.com/blur/480_360_mq/0/id.pro.es.image.master/f5/41/70/1333915418.webp,LIRE-02671,44,440000.0,chalet,sale,184.0,3,2,Venturada,Madrid,Venturada,es,40.7972532,-3.6226304,False,https://www.idealista.com/inmueble/108103192/,"NO COBRAMOS COMISIÓN DE INTERMEDIACIÓN AL COMPRADOR Excelente oportunidad de adquirir en propiedad esta vivienda residencial con una superficie de 183m² muy bien distribuidos, ubicada en la localidad de Venturada, provincia de Madrid.  Este ideal para quienes buscan un hogar confortable en un entorno natural y acogedor. Cuenta con un luminoso salón-comedor, perfecto para disfrutar de momentos en familia y reuniones con amigos. Decorado con gusto y con materiales de alta calidad, ofrece una experiencia de vida inmejorable. Una amplia cocina amueblada, gran cantidad de espacio con múltiples dormitorios, planta superior abuhardillada. Cuenta con baños en todas sus plantas y dispone de terraza con vistas a la naturaleza. Situado en una zona residencial tranquila, esta casa disfruta de una ubicación estratégica. A poca distancia, encontrarás supermercados, colegios, centros de salud y una variada oferta de tiendas y restaurantes. Además, la excelente conexión con las principales vías de acceso te permitirá llegar rápidamente a otras áreas de interés. Venturada es una localidad y municipio de la Comunidad de Madrid, situada al norte de la capital, en la Sierra Norte. Se encuentra a unos 45 km de Madrid, y forma parte del entorno natural de la Sierra de Guadarrama. Está bien conectada por la autovía A-1 (Madrid-Burgos), lo que facilita el acceso desde la ciudad. Hipoges es una plataforma inmobiliaria donde podrás acceder a miles de activos inmobiliarios de diferentes tipos como viviendas, locales comerciales, terrenos, nueva obra, tanto a nivel particular como para inversores. Hipoges cuenta con una amplia cartera de activos inmuebles tanto en España como en Portugal y Grecia. ¿Necesitas financiación? Te ofrecemos la posibilidad de financiaciones de hasta el 100% para la compra de este inmueble. Entra en Finanwin. com, haz tu simulación y obtén la mejor oferta para tu Hipoteca de la manera más ágil y sencilla.",True,good,False,2391.0,True,False,True,False,[],False,False,440000.0,€,,,,True,True,chalet,independantHouse,Venturada,Casa independiente,,,,,,,
108359933,https://img4.idealista.com/blur/480_360_mq/0/id.pro.es.image.master/20/e7/77/1353728487.webp,,36,850000.0,flat,sale,98.0,2,2,calle del Marqués de Monteagudo,Madrid,Madrid,es,40.4373864,-3.6688593,False,https://www.idealista.com/inmueble/108359933/,"PISO DE 2 DORMITORIOS Y 2 BAÑOS DE OBRA NUEVA DEL AÑO 2020 AMUEBLADO Y EQUIPADO.  LISTO PARA ENTRAR A VIVIR. PLAZA DE GARAJE GRANDE Y TRASTERO EN LA MISMA FINCA DE ACCESO DIRECTO INCLUIDOS EN EL PRECIO. SE ENTREGA RECIÉN PINTADO. EL ANUNCIO DISPONE DE PLANOS Y VÍDEO Piso exterior de 98 m2 construidos, 2 dormitorios, 2 baños (uno de ellos en suite y con vestidor), amplio salón y cocina americana equipada con todos los electrodomésticos. Calidades altas, diseño actual, ventanas hasta el suelo tipo mirador, alta eficiencia energética. Tarima y alicatados de gama alta, ventanas con microventilación integrada, suelo radiante por AEROTERMIA (calor y frío), armarios empotrados, placa solar para el ahorro energético, cocina con encimera de silestone, persiana del salón robotizada, aire acondicionado DAIKIN en el salón y los dos dormitorios. Plaza de garaje cómoda para coche grande (2,25 x 4,50) y trastero de 3 m2 en la misma finca de acceso directo incluidos en el precio. El piso se vende amueblado y con la cocina equipada con todos los electrodomésticos necesarios (lavadora-secadora, nevera, lavavajillas, microondas, horno, placa de inducción y campana extractora). En el piso está instalada la alarma de Securitas a la que se puede subrogar el nuevo propietario. Es una zona residencial consolidada y con todo tipo de servicios (comercios, hospitales, restauración, ocio, parques, colegios, guarderías, etc). Excelente comunicación con transporte público: intercambiador de Avenida América (líneas 4, 6, 7 y 9), metro Diego de León (líneas 4, 5 y 6), varios autobuses, acceso inmediato a M-30, a tan solo 15 minutos del aeropuerto Madrid Barajas. No duden en contactar para más información y visita.",True,good,False,8673.0,True,False,False,False,[],False,False,850000.0,€,,,,True,True,flat,,"Guindalera, Madrid",Piso en calle del Marqués de Monteagudo,1,True,Barrio de Salamanca,True,,Guindalera,
108894688,https://img4.idealista.com/blur/480_360_mq/0/id.pro.es.image.master/28/c8/af/1358194885.webp,,21,279900.0,flat,sale,60.0,3,1,pasaje Santa Felicidad,Madrid,Madrid,es,40.4243096,-3.6483175,False,https://www.idealista.com/inmueble/108894688/,"Agencia inmobiliaria de MADRID zona LA ELIPA - VENTAS oficina tecnocasa: EN VENTA: Luminoso piso de 61 m², ubicado en una tercera planta con ascensor, para entrar a vivir, te ofrece un espacio acogedor y funcional. Con tres dormitorios y un amplio salón que se conecta a través de un pasillo distribuidor, disfrutarás de un ambiente cálido y confortable. La orientación este y oeste garantiza luz natural durante todo el día. Inmueble accesible para personas con movilidad reducida. Piso ubicado a 5 minutos de la parada de metro de La Elipa linea 2. Zona consolidada con todos los servicios, comercios, supermercados, colegios, zonas verdes. Fácil acceso a M-30, A2, A3 y a 40 minutos andado del parque del retiro. Zona en auge por el soterramiento de la M-30, imitando a Madrid Rio y uniendo el barrio de Salamanca con el barrio de Ciudad Lineal y ampliación de la línea 11 de metro, la cual conectará el este de Madrid con Barajas.",False,good,False,4665.0,False,False,False,False,[],False,False,279900.0,€,,,,,,flat,,"Ventas, Madrid",Piso en pasaje Santa Felicidad,3,True,Ciudad Lineal,True,,Ventas,
107987032,https://img4.idealista.com/blur/480_360_mq/0/id.pro.es.image.master/5d/e5/69/1330317636.webp,2587,26,900000.0,flat,sale,170.0,4,3,avenida de Europa,Madrid,Pozuelo de Alarcón,es,40.4406613,-3.7886658,False,https://www.idealista.com/inmueble/107987032/,"¡Descubre tu nuevo hogar en el corazón de la ciudad! Este espectacular piso de 170 m² construidos se encuentra en una urbanización con todas las comodidades que necesitas. Con un luminoso salón-comedor que se abre a una acogedora terraza, disfrutarás de momentos inolvidables con familia y amigos. La cocina, equipada y con tendedero. El inmueble cuenta con un dormitorio principal con baño en suite, además de tres amplios dormitorios adicionales. Con dos baños en total, la comodidad está garantizada. La urbanización ofrece piscina, zonas verdes y portero, creando un ambiente ideal para relajarse. Además, tendrás dos plazas de garaje incluidas, lo que facilita el aparcamiento en esta céntrica ubicación, rodeada de comercios, colegios y transporte público. Este piso es apto para personas con movilidad reducida y cuenta con calefacción de gas natural y aire acondicionado para tu confort durante todo el año. Aunque es de segunda mano y requiere algunas reformas, su potencial es inmenso. No dejes pasar la oportunidad de vivir en un lugar donde cada rincón puede convertirse en tu refugio personal. ¡Ven a visitarlo y enamórate de tu futuro hogar!",True,renew,False,5294.0,False,False,False,False,[],False,False,900000.0,€,910000.0,10000.0,1.0,True,True,flat,,"Zona Avenida Europa, Pozuelo de Alarcón",Piso en avenida de Europa,2,True,Zona Avenida Europa,True,,Zona Avenida Europa,
107072029,https://img4.idealista.com/blur/480_360_mq/0/id.pro.es.image.master/fc/90/56/1358342686.webp,TNC/24/P249,92,2350000.0,chalet,sale,743.0,8,7,avenida del Guadalix,Madrid,Ciudalcampo,es,40.624739,-3.5935,False,https://www.idealista.com/inmueble/107072029/,"TU NUEVA CASA vende esta preciosa villa de lujo independiente en Ciudalcampo, una de las zonas más exclusivas en el norte de Madrid, cuenta con una parcela de 3900m2 en una zona residencial y privada con vistas a la sierra de Madrid y campo de golf. Se distribuye en dos plantas con un total de 743m2, la primera planta cuenta con un amplio hall, salón con grandes ventanales que aportan un espacio acogedor lleno de luz acompañado con la cálidez de una chimenea, un despacho, un dormitorio con baño completo y vestidor, un aseo, cocina amueblada con office y chimenea, zona de servicio con entrada independiente, con dormitorio y baño más cuarto de lavado, zona ajardinada y garaje con capacidad para seis coches. La segunda planta se distribuyen a través de vestíbulo con un gran ventanal y dos armarios empotrados, cinco dormitorios todos con vestidor y baño, excepto en la suite que además de baño completo con jacuzzi, ducha y sauna, cuenta con una bonita chimenea. Suelos de mármol en toda la vivienda y tarima en las habitaciones, luces led, carpinteria de aluminio blanco con cristal climalit, calefacción de gas natural, aire acondicionado en todas las estancias, videoportero, piscina, zona de solarium y jardines que cuentan con una diversa variedad de arbolado. La urbanización Ciudalcampo pertenece a los municipios de San Sebastián de los Reyes y Colmenar Viejo con acceso desde la A1 km. 28, dispone de zona dotacional como colegio internacional SEK, Club deportivo Race, campo de golf, pádel, tenis, hípica y piscina entre otros. Vigilancia 24 horas con patrullas y control de accesos. A tan solo 10 minutos del hospital Infanta Sofía. No esperes más y solicita una visita a la casa de tus sueños! [IW].",True,good,False,3163.0,True,False,False,False,[],False,False,2350000.0,€,,,,True,True,chalet,independantHouse,Ciudalcampo,Casa independiente en avenida del Guadalix,,,,,,,
108534852,https://img4.idealista.com/blur/480_360_mq/0/id.pro.es.image.master/d1/cc/b6/1347760994.webp,3452-01338,45,620000.0,flat,sale,90.0,3,2,avenida del Mediterráneo,Madrid,Madrid,es,40.4078378,-3.6733065,False,https://www.idealista.com/inmueble/108534852/,"**Piso en Venta en Avenida del Mediterráneo - ¡Tu nuevo hogar te espera! ** Descubre este espectacular piso de 3 dormitorios y 2 baños, ubicado en la codiciada Avenida del Mediterráneo. A solo 5 minutos a pie del emblemático parque de El Retiro, este hogar combina la tranquilidad con la comodidad de la vida urbana. Situado en la séptima y última planta, disfrutarás de una luminosidad excepcional gracias a su excelente orientación y sus grandes ventanales, que ofrecen vistas al sur. Al entrar, te recibe un acogedor pasillo que conduce a una amplia cocina independiente, equipada con un gran ventanal en esquina que ilumina cada rincón. La terraza original se ha incorporado a la cocina, creando un encantador espacio de office ideal para disfrutar de tus comidas. Además, cuenta con una despensa que proporciona un almacenamiento adicional muy práctico. El salón, con más de 20 metros cuadrados, es perfecto para relajarse o recibir visitas, y sus dos grandes ventanas permiten que la luz natural inunde el espacio. El primer dormitorio ofrece una ventana orientada al este, mientras que el segundo dormitorio cuenta con armario empotrado y vista al patio comunitario. El tercer dormitorio, también con un gran ventanal, comparte la misma orientación que el salón, garantizando un ambiente luminoso y acogedor. Los baños están bien equipados: el primer baño tiene un plato de ducha y el baño principal es completo, con bañera y mampara. La altura de los techos alcanza los 3 metros, lo que añade una sensación de amplitud y elegancia. Los suelos de madera en buen estado y el gres porcelánico rústico en cocina y baños aportan un toque de calidez y estilo. La finca cuenta con portero, cámaras de vigilancia y acceso adaptado para personas con movilidad reducida. Con dos ascensores por escalera y un portal representativo, la comodidad está garantizada. Además, se ofrece la opción de cesión del derecho de uso de una plaza de garaje municipal (PAR). No dejes pasar esta oportunidad única de vivir en un entorno privilegiado. ¡Contáctanos para más información y ven a conocer tu nuevo hogar!",True,good,False,6889.0,True,False,False,False,[],False,False,620000.0,€,,,,,,flat,,"Pacífico, Madrid",Piso en avenida del Mediterráneo,7,True,Retiro,True,,Pacífico,
107787020,https://img4.idealista.com/blur/480_360_mq/0/id.pro.es.image.master/dc/bb/52/1323722706.webp,ACP1811.2,26,1050000.0,penthouse,sale,115.0,2,1,calle de Galileo,Madrid,Madrid,es,40.4294513,-3.7097866,False,https://www.idealista.com/inmueble/107787020/,"“JOWNER VENDE EXCELENTE ÁTICO EN CHAMBERÍ” Presentamos una espectacular vivienda a la venta en la zona de Chamberí. Dispone de 115 m2, distribuidos en dos dormitorios, un baño y una amplia terraza. La vivienda tiene una increíble luz natural debido al gran ventanal que da a la terraza. La vivienda está en un excelente estado de conservación. La calefacción es individual por bomba de calor y el aire acondicionado funciona por conductos. El inmueble se encuentra en una finca con portero 24 horas. Características de la vivienda: 2 dormitorios 1 baño Salón Cocina independiente Aire acondicionado por conductos Calefacción individual Terraza Zona tranquila y muy bien comunicada Descripción del entorno: Esta vivienda se encuentra en el barrio de Chamberí, un barrio histórico y residencial de Madrid, donde resulta imprescindible pasear entre sus calles. Esta zona goza de mucha tranquilidad, servicios y al mismo tiempo de mucha vida, tanto a nivel comercial como gastronómico, además de contar con todos los servicios esenciales. Este área ofrece una muy buena comunicación de transporte público, ya que a escasos metros se encuentra la parada de metro San Bernardo (Línea 2 y 4), además de múltiples líneas de autobuses que te comunicarán con toda la capital. ¡Contacta ya con nosotros para coordinar una visita! JOWNER es una plataforma digital que te ofrece todos los servicios necesarios para que puedas alquilar y vender tu inmueble en el menor tiempo posible, con nuestro método maximizamos tu tiempo y tu rentabilidad/ ""Más info en jowner. com o en el "".",True,good,False,9130.0,False,False,True,False,[],False,False,1050000.0,€,1150000.0,100000.0,9.0,,,flat,penthouse,"Arapiles, Madrid",Ático en calle de Galileo,6,True,Chamberí,True,,Arapiles,
108258544,https://img4.idealista.com/blur/480_360_mq/0/id.pro.es.image.master/94/ac/da/1338719758.webp,2001/20010002/7,32,200000.0,flat,sale,67.0,3,1,Barrio Zona Renfe,Madrid,Alcorcón,es,40.3483482,-3.8286029,False,https://www.idealista.com/inmueble/108258544/,"""ESTUPENDA VIVIENDA EN VENTA Excelente vivienda de tres dormitorios y un baño. Se encuentra en la 4ª planta de un edificio residencial. No dispone de ascensor. Situado en ZONA RENFE en el distrito de Sur. La vivienda se distribuye en tres dormitorios, salón-comedor con acceso a terraza, cocina independiente y un baño. Cuenta con cocina amueblada y equipada con muebles altos y bajos, vitrocerámica, horno y campana extractora. Se encuentra ubicado en Sur, Noroeste de Alcorcón. Cuenta con fácil acceso a través de las principales carreteras y buenas comunicaciones por transporte público.  La parada de metro más cercana es Alcorcon Central y se encuentra a menos de 10 minutos andando. La parada de autobús más cercana es AV. MÓSTOLES-EST. ALCORCÓN CENTRAL y se encuentra a menos de 5 minutos andando. La parada de taxi más cercana se encuentra a menos de 5 minutos andando. En su entorno existen viviendas plurifamiliares de similares características. La zona cuenta con todo tipo de servicios básicos, el hospital más cercano se encuentra a 290 metros, existen 2 farmacias a menos de 300 metros, existen 5 colegios a menos de 300 metros. Además, a menos de 500 metros también puedes encontrar 12 supermercados, una oficina de correos. La zona cuenta con una amplia oferta de entretenimiento con 6 parques, bares, restaurantes y comercios a pocos minutos de la vivienda. En cuanto al transporte privado, la zona dispone de parkings privados, un parking público y aparcamiento en la calle. La vivienda tiene un fácil acceso por carretera y está bien comunicado a través de la Autovía del Suroeste, Avenida de Móstoles. Estado de la vivienda: vacante"".",True,good,False,2985.0,True,False,True,False,[],False,False,200000.0,€,,,,,,flat,,"Zona Renfe, Alcorcón",Piso,4,True,Centro,False,,Zona Renfe,
